PortNumber,AccNumber,LocNumber,CountryCode,PostalCode,OccupancyCode,ConstructionCode,LocCurrency,LocPerilsCovered,LocPeril,BuildingTIV,OtherTIV,ContentsTIV,BITIV,LocLimit6All,LocDed6All,LocDedType6All,LocLimitType6All
Simple,1,1,UK,G71 5HX,1000,5000,GBP,ORF,ORF,100000,1000,10000,0,100000,250,0,0
Simple,1,2,UK,TA2 8SH,1000,5000,GBP,ORF,ORF,100000,1000,10000,0,100000,250,0,0
Simple,1,3,UK,CV3 4DL,1000,5000,GBP,ORF,ORF,100000,1000,10000,0,100000,250,0,0
Simple,1,4,UK,WD24 5DG,1000,5000,GBP,ORF,ORF,100000,1000,10000,0,100000,250,0,0
Simple,1,5,UK,NE39 2JA,1000,5000,GBP,ORF,ORF,100000,1000,10000,0,100000,250,0,0
Simple,1,6,UK,CA8 9BX,1000,5000,GBP,ORF,ORF,100000,1000,10000,0,100000,250,0,0
Simple,1,7,UK,E1W 3NP,1000,5000,GBP,ORF,ORF,100000,1000,10000,0,100000,250,0,0
Simple,1,8,UK,FK7 0LT,1000,5000,GBP,ORF,ORF,100000,1000,10000,0,100000,250,0,0
Simple,1,9,UK,KA8 9AN,1000,5000,GBP,ORF,ORF,100000,1000,10000,0,100000,250,0,0
Simple,1,10,UK,BT19 6AR,1000,5000,GBP,ORF,ORF,100000,1000,10000,0,100000,250,0,0
Simple,1,11,UK,PA34 5EA,1000,5000,GBP,ORF,ORF,100000,1000,10000,0,100000,250,0,0
Simple,1,12,UK,CT17 0DJ,1000,5000,GBP,ORF,ORF,100000,1000,10000,0,100000,250,0,0
Simple,1,13,UK,DD5 2NN,1000,5000,GBP,ORF,ORF,100000,1000,10000,0,100000,250,0,0
Simple,1,14,UK,ME18 5ES,1000,5000,GBP,ORF,ORF,100000,1000,10000,0,100000,250,0,0
Simple,1,15,UK,SG1 2FP,1000,5000,GBP,ORF,ORF,100000,1000,10000,0,100000,250,0,0
Simple,1,16,UK,NW7 2NX,1000,5000,GBP,ORF,ORF,100000,1000,10000,0,100000,250,0,0
Simple,1,17,UK,LE15 8PZ,1000,5000,GBP,ORF,ORF,100000,1000,10000,0,100000,250,0,0
Simple,1,18,UK,CV31 3BQ,1000,5000,GBP,ORF,ORF,100000,1000,10000,0,100000,250,0,0
Simple,1,19,UK,SR8 4AT,1000,5000,GBP,ORF,ORF,100000,1000,10000,0,100000,250,0,0
Simple,1,20,UK,NN3 9HP,1000,5000,GBP,ORF,ORF,100000,1000,10000,0,100000,250,0,0
Simple,1,21,UK,LE14 2PQ,1000,5000,GBP,ORF,ORF,100000,1000,10000,0,100000,250,0,0
Simple,1,22,UK,BT45 8BS,1000,5000,GBP,ORF,ORF,100000,1000,10000,0,100000,250,0,0
Simple,1,23,UK,EN8 0NF,1000,5000,GBP,ORF,ORF,100000,1000,10000,0,100000,250,0,0
Simple,1,24,UK,BN1 7JS,1000,5000,GBP,ORF,ORF,100000,1000,10000,0,100000,250,0,0
Simple,1,25,UK,LA6 2DY,1000,5000,GBP,ORF,ORF,100000,1000,10000,0,100000,250,0,0
Simple,1,26,UK,CV8 2DA,1000,5000,GBP,ORF,ORF,100000,1000,10000,0,100000,250,0,0
Simple,1,27,UK,SS8 7DW,1000,5000,GBP,ORF,ORF,100000,1000,10000,0,100000,250,0,0
Simple,1,28,UK,CR7 8NL,1000,5000,GBP,ORF,ORF,100000,1000,10000,0,100000,250,0,0
Simple,1,29,UK,TR14 7HY,1000,5000,GBP,ORF,ORF,100000,1000,10000,0,100000,250,0,0
Simple,1,30,UK,PL5 1DP,1000,5000,GBP,ORF,ORF,100000,1000,10000,0,100000,250,0,0
Simple,1,31,UK,NG5 7EE,1000,5000,GBP,ORF,ORF,100000,1000,10000,0,100000,250,0,0
Simple,1,32,UK,WN5 8FS,1000,5000,GBP,ORF,ORF,100000,1000,10000,0,100000,250,0,0
Simple,1,33,UK,DA16 2AE,1000,5000,GBP,ORF,ORF,100000,1000,10000,0,100000,250,0,0
Simple,1,34,UK,NW5 2JD,1000,5000,GBP,ORF,ORF,100000,1000,10000,0,100000,250,0,0
Simple,1,35,UK,WV6 0LG,1000,5000,GBP,ORF,ORF,100000,1000,10000,0,100000,250,0,0
Simple,1,36,UK,PR5 6AY,1000,5000,GBP,ORF,ORF,100000,1000,10000,0,100000,250,0,0
Simple,1,37,UK,DL17 8LF,1000,5000,GBP,ORF,ORF,100000,1000,10000,0,100000,250,0,0
Simple,1,38,UK,SN16 0NG,1000,5000,GBP,ORF,ORF,100000,1000,10000,0,100000,250,0,0
Simple,1,39,UK,BS31 1WA,1000,5000,GBP,ORF,ORF,100000,1000,10000,0,100000,250,0,0
Simple,1,40,UK,W1W 8RL,1000,5000,GBP,ORF,ORF,100000,1000,10000,0,100000,250,0,0
Simple,1,41,UK,CO12 3QB,1000,5000,GBP,ORF,ORF,100000,1000,10000,0,100000,250,0,0
Simple,1,42,UK,EX33 1PP,1000,5000,GBP,ORF,ORF,100000,1000,10000,0,100000,250,0,0
Simple,1,43,UK,TN12 9BT,1000,5000,GBP,ORF,ORF,100000,1000,10000,0,100000,250,0,0
Simple,1,44,UK,NG2 2HJ,1000,5000,GBP,ORF,ORF,100000,1000,10000,0,100000,250,0,0
Simple,1,45,UK,BS49 5AL,1000,5000,GBP,ORF,ORF,100000,1000,10000,0,100000,250,0,0
Simple,1,46,UK,NG3 5UZ,1000,5000,GBP,ORF,ORF,100000,1000,10000,0,100000,250,0,0
Simple,1,47,UK,CV5 7DG,1000,5000,GBP,ORF,ORF,100000,1000,10000,0,100000,250,0,0
Simple,1,48,UK,SS16 4EU,1000,5000,GBP,ORF,ORF,100000,1000,10000,0,100000,250,0,0
Simple,1,49,UK,BB18 5AS,1000,5000,GBP,ORF,ORF,100000,1000,10000,0,100000,250,0,0
Simple,1,50,UK,WV6 0UW,1000,5000,GBP,ORF,ORF,100000,1000,10000,0,100000,250,0,0
Simple,1,51,UK,LS25 1BQ,1000,5000,GBP,ORF,ORF,100000,1000,10000,0,100000,250,0,0
Simple,1,52,UK,LU5 5NX,1000,5000,GBP,ORF,ORF,100000,1000,10000,0,100000,250,0,0
Simple,1,53,UK,SO16 5NS,1000,5000,GBP,ORF,ORF,100000,1000,10000,0,100000,250,0,0
Simple,1,54,UK,KA19 7BJ,1000,5000,GBP,ORF,ORF,100000,1000,10000,0,100000,250,0,0
Simple,1,55,UK,BT79 0SZ,1000,5000,GBP,ORF,ORF,100000,1000,10000,0,100000,250,0,0
Simple,1,56,UK,BN6 9BY,1000,5000,GBP,ORF,ORF,100000,1000,10000,0,100000,250,0,0
Simple,1,57,UK,WD6 2FB,1000,5000,GBP,ORF,ORF,100000,1000,10000,0,100000,250,0,0
Simple,1,58,UK,BT81 7NA,1000,5000,GBP,ORF,ORF,100000,1000,10000,0,100000,250,0,0
Simple,1,59,UK,NG2 1PR,1000,5000,GBP,ORF,ORF,100000,1000,10000,0,100000,250,0,0
Simple,1,60,UK,PL6 5HA,1000,5000,GBP,ORF,ORF,100000,1000,10000,0,100000,250,0,0
Simple,1,61,UK,HD9 6QG,1000,5000,GBP,ORF,ORF,100000,1000,10000,0,100000,250,0,0
Simple,1,62,UK,NE5 9DJ,1000,5000,GBP,ORF,ORF,100000,1000,10000,0,100000,250,0,0
Simple,1,63,UK,NG33 4HL,1000,5000,GBP,ORF,ORF,100000,1000,10000,0,100000,250,0,0
Simple,1,64,UK,NN14 4EW,1000,5000,GBP,ORF,ORF,100000,1000,10000,0,100000,250,0,0
Simple,1,65,UK,BH22 0EH,1000,5000,GBP,ORF,ORF,100000,1000,10000,0,100000,250,0,0
Simple,1,66,UK,NP23 5EY,1000,5000,GBP,ORF,ORF,100000,1000,10000,0,100000,250,0,0
Simple,1,67,UK,TR27 9AZ,1000,5000,GBP,ORF,ORF,100000,1000,10000,0,100000,250,0,0
Simple,1,68,UK,NP4 0ST,1000,5000,GBP,ORF,ORF,100000,1000,10000,0,100000,250,0,0
Simple,1,69,UK,SG18 9QE,1000,5000,GBP,ORF,ORF,100000,1000,10000,0,100000,250,0,0
Simple,1,70,UK,S4 7EH,1000,5000,GBP,ORF,ORF,100000,1000,10000,0,100000,250,0,0
Simple,1,71,UK,RM1 4PP,1000,5000,GBP,ORF,ORF,100000,1000,10000,0,100000,250,0,0
Simple,1,72,UK,SE1 2EU,1000,5000,GBP,ORF,ORF,100000,1000,10000,0,100000,250,0,0
Simple,1,73,UK,CW7 1EF,1000,5000,GBP,ORF,ORF,100000,1000,10000,0,100000,250,0,0
Simple,1,74,UK,EH48 1DZ,1000,5000,GBP,ORF,ORF,100000,1000,10000,0,100000,250,0,0
Simple,1,75,UK,UB7 9DW,1000,5000,GBP,ORF,ORF,100000,1000,10000,0,100000,250,0,0
Simple,1,76,UK,BD1 1LB,1000,5000,GBP,ORF,ORF,100000,1000,10000,0,100000,250,0,0
Simple,1,77,UK,KA21 5JP,1000,5000,GBP,ORF,ORF,100000,1000,10000,0,100000,250,0,0
Simple,1,78,UK,DY10 2XQ,1000,5000,GBP,ORF,ORF,100000,1000,10000,0,100000,250,0,0
Simple,1,79,UK,G32 7HY,1000,5000,GBP,ORF,ORF,100000,1000,10000,0,100000,250,0,0
Simple,1,80,UK,M43 6SF,1000,5000,GBP,ORF,ORF,100000,1000,10000,0,100000,250,0,0
Simple,1,81,UK,L27 1AF,1000,5000,GBP,ORF,ORF,100000,1000,10000,0,100000,250,0,0
Simple,1,82,UK,RG31 6YP,1000,5000,GBP,ORF,ORF,100000,1000,10000,0,100000,250,0,0
Simple,1,83,UK,SS6 7NN,1000,5000,GBP,ORF,ORF,100000,1000,10000,0,100000,250,0,0
Simple,1,84,UK,OL2 6EL,1000,5000,GBP,ORF,ORF,100000,1000,10000,0,100000,250,0,0
Simple,1,85,UK,EN2 0BS,1000,5000,GBP,ORF,ORF,100000,1000,10000,0,100000,250,0,0
Simple,1,86,UK,SG14 3SN,1000,5000,GBP,ORF,ORF,100000,1000,10000,0,100000,250,0,0
Simple,1,87,UK,DN21 3HD,1000,5000,GBP,ORF,ORF,100000,1000,10000,0,100000,250,0,0
Simple,1,88,UK,NE1 2BX,1000,5000,GBP,ORF,ORF,100000,1000,10000,0,100000,250,0,0
Simple,1,89,UK,CO6 4DD,1000,5000,GBP,ORF,ORF,100000,1000,10000,0,100000,250,0,0
Simple,1,90,UK,OX2 9DZ,1000,5000,GBP,ORF,ORF,100000,1000,10000,0,100000,250,0,0
Simple,1,91,UK,G2 9GN,1000,5000,GBP,ORF,ORF,100000,1000,10000,0,100000,250,0,0
Simple,1,92,UK,SS7 2DH,1000,5000,GBP,ORF,ORF,100000,1000,10000,0,100000,250,0,0
Simple,1,93,UK,LU4 9UT,1000,5000,GBP,ORF,ORF,100000,1000,10000,0,100000,250,0,0
Simple,1,94,UK,M23 0HQ,1000,5000,GBP,ORF,ORF,100000,1000,10000,0,100000,250,0,0
Simple,1,95,UK,WF2 0PU,1000,5000,GBP,ORF,ORF,100000,1000,10000,0,100000,250,0,0
Simple,1,96,UK,BH22 0DU,1000,5000,GBP,ORF,ORF,100000,1000,10000,0,100000,250,0,0
Simple,1,97,UK,SN13 8HR,1000,5000,GBP,ORF,ORF,100000,1000,10000,0,100000,250,0,0
Simple,1,98,UK,M7 3QN,1000,5000,GBP,ORF,ORF,100000,1000,10000,0,100000,250,0,0
Simple,1,99,UK,WR5 1AG,1000,5000,GBP,ORF,ORF,100000,1000,10000,0,100000,250,0,0
Simple,1,100,UK,CO1 2PG,1000,5000,GBP,ORF,ORF,100000,1000,10000,0,100000,250,0,0
Simple,1,101,UK,BT41 3DF,1000,5000,GBP,ORF,ORF,100000,1000,10000,0,100000,250,0,0
Simple,1,102,UK,SW6 3NE,1000,5000,GBP,ORF,ORF,100000,1000,10000,0,100000,250,0,0
Simple,1,103,UK,PL27 7AR,1000,5000,GBP,ORF,ORF,100000,1000,10000,0,100000,250,0,0
Simple,1,104,UK,TS19 0RS,1000,5000,GBP,ORF,ORF,100000,1000,10000,0,100000,250,0,0
Simple,1,105,UK,LL33 0TW,1000,5000,GBP,ORF,ORF,100000,1000,10000,0,100000,250,0,0
Simple,1,106,UK,CT19 5HU,1000,5000,GBP,ORF,ORF,100000,1000,10000,0,100000,250,0,0
Simple,1,107,UK,PE6 7GR,1000,5000,GBP,ORF,ORF,100000,1000,10000,0,100000,250,0,0
Simple,1,108,UK,AB52 6TA,1000,5000,GBP,ORF,ORF,100000,1000,10000,0,100000,250,0,0
Simple,1,109,UK,TS4 2PQ,1000,5000,GBP,ORF,ORF,100000,1000,10000,0,100000,250,0,0
Simple,1,110,UK,SW18 1QD,1000,5000,GBP,ORF,ORF,100000,1000,10000,0,100000,250,0,0
Simple,1,111,UK,AB54 4PU,1000,5000,GBP,ORF,ORF,100000,1000,10000,0,100000,250,0,0
Simple,1,112,UK,UB3 5AD,1000,5000,GBP,ORF,ORF,100000,1000,10000,0,100000,250,0,0
Simple,1,113,UK,PE28 0GE,1000,5000,GBP,ORF,ORF,100000,1000,10000,0,100000,250,0,0
Simple,1,114,UK,HU14 3PZ,1000,5000,GBP,ORF,ORF,100000,1000,10000,0,100000,250,0,0
Simple,1,115,UK,BT21 0SL,1000,5000,GBP,ORF,ORF,100000,1000,10000,0,100000,250,0,0
Simple,1,116,UK,SY10 7EF,1000,5000,GBP,ORF,ORF,100000,1000,10000,0,100000,250,0,0
Simple,1,117,UK,OX7 7AX,1000,5000,GBP,ORF,ORF,100000,1000,10000,0,100000,250,0,0
Simple,1,118,UK,MK9 2DH,1000,5000,GBP,ORF,ORF,100000,1000,10000,0,100000,250,0,0
Simple,1,119,UK,B60 9TF,1000,5000,GBP,ORF,ORF,100000,1000,10000,0,100000,250,0,0
Simple,1,120,UK,EX17 6PZ,1000,5000,GBP,ORF,ORF,100000,1000,10000,0,100000,250,0,0
Simple,1,121,UK,CH2 4QG,1000,5000,GBP,ORF,ORF,100000,1000,10000,0,100000,250,0,0
Simple,1,122,UK,E16 1LD,1000,5000,GBP,ORF,ORF,100000,1000,10000,0,100000,250,0,0
Simple,1,123,UK,TN12 9GG,1000,5000,GBP,ORF,ORF,100000,1000,10000,0,100000,250,0,0
Simple,1,124,UK,HU12 8PA,1000,5000,GBP,ORF,ORF,100000,1000,10000,0,100000,250,0,0
Simple,1,125,UK,UB1 2LE,1000,5000,GBP,ORF,ORF,100000,1000,10000,0,100000,250,0,0
Simple,1,126,UK,LN1 2EY,1000,5000,GBP,ORF,ORF,100000,1000,10000,0,100000,250,0,0
Simple,1,127,UK,SY1 2EG,1000,5000,GBP,ORF,ORF,100000,1000,10000,0,100000,250,0,0
Simple,1,128,UK,ME2 4LW,1000,5000,GBP,ORF,ORF,100000,1000,10000,0,100000,250,0,0
Simple,1,129,UK,SN25 4BQ,1000,5000,GBP,ORF,ORF,100000,1000,10000,0,100000,250,0,0
Simple,1,130,UK,BB12 8SY,1000,5000,GBP,ORF,ORF,100000,1000,10000,0,100000,250,0,0
Simple,1,131,UK,CO9 4QE,1000,5000,GBP,ORF,ORF,100000,1000,10000,0,100000,250,0,0
Simple,1,132,UK,BN11 1DL,1000,5000,GBP,ORF,ORF,100000,1000,10000,0,100000,250,0,0
Simple,1,133,UK,E2 8ES,1000,5000,GBP,ORF,ORF,100000,1000,10000,0,100000,250,0,0
Simple,1,134,UK,BT63 6AP,1000,5000,GBP,ORF,ORF,100000,1000,10000,0,100000,250,0,0
Simple,1,135,UK,DD4 7BW,1000,5000,GBP,ORF,ORF,100000,1000,10000,0,100000,250,0,0
Simple,1,136,UK,SP4 0NL,1000,5000,GBP,ORF,ORF,100000,1000,10000,0,100000,250,0,0
Simple,1,137,UK,EH33 2JZ,1000,5000,GBP,ORF,ORF,100000,1000,10000,0,100000,250,0,0
Simple,1,138,UK,G20 9EQ,1000,5000,GBP,ORF,ORF,100000,1000,10000,0,100000,250,0,0
Simple,1,139,UK,YO30 7AW,1000,5000,GBP,ORF,ORF,100000,1000,10000,0,100000,250,0,0
Simple,1,140,UK,NG4 4JP,1000,5000,GBP,ORF,ORF,100000,1000,10000,0,100000,250,0,0
Simple,1,141,UK,BN41 2GW,1000,5000,GBP,ORF,ORF,100000,1000,10000,0,100000,250,0,0
Simple,1,142,UK,TQ1 3BG,1000,5000,GBP,ORF,ORF,100000,1000,10000,0,100000,250,0,0
Simple,1,143,UK,SM4 6DZ,1000,5000,GBP,ORF,ORF,100000,1000,10000,0,100000,250,0,0
Simple,1,144,UK,DN5 0TL,1000,5000,GBP,ORF,ORF,100000,1000,10000,0,100000,250,0,0
Simple,1,145,UK,SG5 3TQ,1000,5000,GBP,ORF,ORF,100000,1000,10000,0,100000,250,0,0
Simple,1,146,UK,EX13 5BE,1000,5000,GBP,ORF,ORF,100000,1000,10000,0,100000,250,0,0
Simple,1,147,UK,LS17 8BR,1000,5000,GBP,ORF,ORF,100000,1000,10000,0,100000,250,0,0
Simple,1,148,UK,IV22 2JE,1000,5000,GBP,ORF,ORF,100000,1000,10000,0,100000,250,0,0
Simple,1,149,UK,S63 0NY,1000,5000,GBP,ORF,ORF,100000,1000,10000,0,100000,250,0,0
Simple,1,150,UK,PA46 7RU,1000,5000,GBP,ORF,ORF,100000,1000,10000,0,100000,250,0,0
Simple,1,151,UK,M26 1LU,1000,5000,GBP,ORF,ORF,100000,1000,10000,0,100000,250,0,0
Simple,1,152,UK,EH12 6JR,1000,5000,GBP,ORF,ORF,100000,1000,10000,0,100000,250,0,0
Simple,1,153,UK,PL1 4HX,1000,5000,GBP,ORF,ORF,100000,1000,10000,0,100000,250,0,0
Simple,1,154,UK,SN13 9PR,1000,5000,GBP,ORF,ORF,100000,1000,10000,0,100000,250,0,0
Simple,1,155,UK,TD9 8QP,1000,5000,GBP,ORF,ORF,100000,1000,10000,0,100000,250,0,0
Simple,1,156,UK,SM1 2TL,1000,5000,GBP,ORF,ORF,100000,1000,10000,0,100000,250,0,0
Simple,1,157,UK,L10 8JR,1000,5000,GBP,ORF,ORF,100000,1000,10000,0,100000,250,0,0
Simple,1,158,UK,NN1 4JA,1000,5000,GBP,ORF,ORF,100000,1000,10000,0,100000,250,0,0
Simple,1,159,UK,HP23 5LX,1000,5000,GBP,ORF,ORF,100000,1000,10000,0,100000,250,0,0
Simple,1,160,UK,PE16 6LD,1000,5000,GBP,ORF,ORF,100000,1000,10000,0,100000,250,0,0
Simple,1,161,UK,PE28 4HU,1000,5000,GBP,ORF,ORF,100000,1000,10000,0,100000,250,0,0
Simple,1,162,UK,CV13 0NU,1000,5000,GBP,ORF,ORF,100000,1000,10000,0,100000,250,0,0
Simple,1,163,UK,LS27 7RH,1000,5000,GBP,ORF,ORF,100000,1000,10000,0,100000,250,0,0
Simple,1,164,UK,ST10 1AJ,1000,5000,GBP,ORF,ORF,100000,1000,10000,0,100000,250,0,0
Simple,1,165,UK,RH4 2LF,1000,5000,GBP,ORF,ORF,100000,1000,10000,0,100000,250,0,0
Simple,1,166,UK,BH7 6NH,1000,5000,GBP,ORF,ORF,100000,1000,10000,0,100000,250,0,0
Simple,1,167,UK,OX18 1HS,1000,5000,GBP,ORF,ORF,100000,1000,10000,0,100000,250,0,0
Simple,1,168,UK,EX39 3NW,1000,5000,GBP,ORF,ORF,100000,1000,10000,0,100000,250,0,0
Simple,1,169,UK,WV99 2BA,1000,5000,GBP,ORF,ORF,100000,1000,10000,0,100000,250,0,0
Simple,1,170,UK,YO8 6LR,1000,5000,GBP,ORF,ORF,100000,1000,10000,0,100000,250,0,0
Simple,1,171,UK,PO33 4DA,1000,5000,GBP,ORF,ORF,100000,1000,10000,0,100000,250,0,0
Simple,1,172,UK,BB4 5JA,1000,5000,GBP,ORF,ORF,100000,1000,10000,0,100000,250,0,0
Simple,1,173,UK,NR30 1NG,1000,5000,GBP,ORF,ORF,100000,1000,10000,0,100000,250,0,0
Simple,1,174,UK,ME1 3YD,1000,5000,GBP,ORF,ORF,100000,1000,10000,0,100000,250,0,0
Simple,1,175,UK,CR3 5FN,1000,5000,GBP,ORF,ORF,100000,1000,10000,0,100000,250,0,0
Simple,1,176,UK,LN5 0EE,1000,5000,GBP,ORF,ORF,100000,1000,10000,0,100000,250,0,0
Simple,1,177,UK,TA2 6FB,1000,5000,GBP,ORF,ORF,100000,1000,10000,0,100000,250,0,0
Simple,1,178,UK,ML7 5JU,1000,5000,GBP,ORF,ORF,100000,1000,10000,0,100000,250,0,0
Simple,1,179,UK,TQ12 2PQ,1000,5000,GBP,ORF,ORF,100000,1000,10000,0,100000,250,0,0
Simple,1,180,UK,SW1P 9PW,1000,5000,GBP,ORF,ORF,100000,1000,10000,0,100000,250,0,0
Simple,1,181,UK,OX18 1JG,1000,5000,GBP,ORF,ORF,100000,1000,10000,0,100000,250,0,0
Simple,1,182,UK,FY6 0HE,1000,5000,GBP,ORF,ORF,100000,1000,10000,0,100000,250,0,0
Simple,1,183,UK,RG12 1JS,1000,5000,GBP,ORF,ORF,100000,1000,10000,0,100000,250,0,0
Simple,1,184,UK,PL15 9JX,1000,5000,GBP,ORF,ORF,100000,1000,10000,0,100000,250,0,0
Simple,1,185,UK,L36 4NP,1000,5000,GBP,ORF,ORF,100000,1000,10000,0,100000,250,0,0
Simple,1,186,UK,G66 1PX,1000,5000,GBP,ORF,ORF,100000,1000,10000,0,100000,250,0,0
Simple,1,187,UK,TW1 4JX,1000,5000,GBP,ORF,ORF,100000,1000,10000,0,100000,250,0,0
Simple,1,188,UK,SW12 8TL,1000,5000,GBP,ORF,ORF,100000,1000,10000,0,100000,250,0,0
Simple,1,189,UK,ME13 9DW,1000,5000,GBP,ORF,ORF,100000,1000,10000,0,100000,250,0,0
Simple,1,190,UK,BB10 1UZ,1000,5000,GBP,ORF,ORF,100000,1000,10000,0,100000,250,0,0
Simple,1,191,UK,FK7 1EF,1000,5000,GBP,ORF,ORF,100000,1000,10000,0,100000,250,0,0
Simple,1,192,UK,LA23 2HX,1000,5000,GBP,ORF,ORF,100000,1000,10000,0,100000,250,0,0
Simple,1,193,UK,CW11 3TA,1000,5000,GBP,ORF,ORF,100000,1000,10000,0,100000,250,0,0
Simple,1,194,UK,N1 1PU,1000,5000,GBP,ORF,ORF,100000,1000,10000,0,100000,250,0,0
Simple,1,195,UK,BT63 6BH,1000,5000,GBP,ORF,ORF,100000,1000,10000,0,100000,250,0,0
Simple,1,196,UK,SA62 6FD,1000,5000,GBP,ORF,ORF,100000,1000,10000,0,100000,250,0,0
Simple,1,197,UK,KT9 2HG,1000,5000,GBP,ORF,ORF,100000,1000,10000,0,100000,250,0,0
Simple,1,198,UK,TA1 4RD,1000,5000,GBP,ORF,ORF,100000,1000,10000,0,100000,250,0,0
Simple,1,199,UK,DA11 0LN,1000,5000,GBP,ORF,ORF,100000,1000,10000,0,100000,250,0,0
Simple,1,200,UK,DN14 6DQ,1000,5000,GBP,ORF,ORF,100000,1000,10000,0,100000,250,0,0
Simple,1,201,UK,DY10 4QU,1000,5000,GBP,ORF,ORF,100000,1000,10000,0,100000,250,0,0
Simple,1,202,UK,NP7 6LL,1000,5000,GBP,ORF,ORF,100000,1000,10000,0,100000,250,0,0
Simple,1,203,UK,SN16 0BP,1000,5000,GBP,ORF,ORF,100000,1000,10000,0,100000,250,0,0
Simple,1,204,UK,BR2 7AF,1000,5000,GBP,ORF,ORF,100000,1000,10000,0,100000,250,0,0
Simple,1,205,UK,PE8 6YJ,1000,5000,GBP,ORF,ORF,100000,1000,10000,0,100000,250,0,0
Simple,1,206,UK,CO9 1NG,1000,5000,GBP,ORF,ORF,100000,1000,10000,0,100000,250,0,0
Simple,1,207,UK,DE12 6LX,1000,5000,GBP,ORF,ORF,100000,1000,10000,0,100000,250,0,0
Simple,1,208,UK,EX39 6HG,1000,5000,GBP,ORF,ORF,100000,1000,10000,0,100000,250,0,0
Simple,1,209,UK,AL6 9UH,1000,5000,GBP,ORF,ORF,100000,1000,10000,0,100000,250,0,0
Simple,1,210,UK,EN2 7PG,1000,5000,GBP,ORF,ORF,100000,1000,10000,0,100000,250,0,0
Simple,1,211,UK,EX22 6HZ,1000,5000,GBP,ORF,ORF,100000,1000,10000,0,100000,250,0,0
Simple,1,212,UK,N1 6SG,1000,5000,GBP,ORF,ORF,100000,1000,10000,0,100000,250,0,0
Simple,1,213,UK,DG8 8PT,1000,5000,GBP,ORF,ORF,100000,1000,10000,0,100000,250,0,0
Simple,1,214,UK,WA7 3PZ,1000,5000,GBP,ORF,ORF,100000,1000,10000,0,100000,250,0,0
Simple,1,215,UK,SS6 9EP,1000,5000,GBP,ORF,ORF,100000,1000,10000,0,100000,250,0,0
Simple,1,216,UK,SW19 5JR,1000,5000,GBP,ORF,ORF,100000,1000,10000,0,100000,250,0,0
Simple,1,217,UK,BN17 6JZ,1000,5000,GBP,ORF,ORF,100000,1000,10000,0,100000,250,0,0
Simple,1,218,UK,DY5 3XB,1000,5000,GBP,ORF,ORF,100000,1000,10000,0,100000,250,0,0
Simple,1,219,UK,LE2 9SZ,1000,5000,GBP,ORF,ORF,100000,1000,10000,0,100000,250,0,0
Simple,1,220,UK,WF8 2HF,1000,5000,GBP,ORF,ORF,100000,1000,10000,0,100000,250,0,0
Simple,1,221,UK,WD25 7SN,1000,5000,GBP,ORF,ORF,100000,1000,10000,0,100000,250,0,0
Simple,1,222,UK,DA11 8LE,1000,5000,GBP,ORF,ORF,100000,1000,10000,0,100000,250,0,0
Simple,1,223,UK,S75 4AF,1000,5000,GBP,ORF,ORF,100000,1000,10000,0,100000,250,0,0
Simple,1,224,UK,W13 0JB,1000,5000,GBP,ORF,ORF,100000,1000,10000,0,100000,250,0,0
Simple,1,225,UK,NP4 8PX,1000,5000,GBP,ORF,ORF,100000,1000,10000,0,100000,250,0,0
Simple,1,226,UK,BS8 3HB,1000,5000,GBP,ORF,ORF,100000,1000,10000,0,100000,250,0,0
Simple,1,227,UK,BB4 6PQ,1000,5000,GBP,ORF,ORF,100000,1000,10000,0,100000,250,0,0
Simple,1,228,UK,DG1 4BE,1000,5000,GBP,ORF,ORF,100000,1000,10000,0,100000,250,0,0
Simple,1,229,UK,SG1 3TP,1000,5000,GBP,ORF,ORF,100000,1000,10000,0,100000,250,0,0
Simple,1,230,UK,DN21 3FA,1000,5000,GBP,ORF,ORF,100000,1000,10000,0,100000,250,0,0
Simple,1,231,UK,OX12 8NB,1000,5000,GBP,ORF,ORF,100000,1000,10000,0,100000,250,0,0
Simple,1,232,UK,NE30 3JD,1000,5000,GBP,ORF,ORF,100000,1000,10000,0,100000,250,0,0
Simple,1,233,UK,NR16 2RQ,1000,5000,GBP,ORF,ORF,100000,1000,10000,0,100000,250,0,0
Simple,1,234,UK,LE10 3HS,1000,5000,GBP,ORF,ORF,100000,1000,10000,0,100000,250,0,0
Simple,1,235,UK,OX3 9LU,1000,5000,GBP,ORF,ORF,100000,1000,10000,0,100000,250,0,0
Simple,1,236,UK,LN6 0RR,1000,5000,GBP,ORF,ORF,100000,1000,10000,0,100000,250,0,0
Simple,1,237,UK,BS9 2EU,1000,5000,GBP,ORF,ORF,100000,1000,10000,0,100000,250,0,0
Simple,1,238,UK,ME8 1EN,1000,5000,GBP,ORF,ORF,100000,1000,10000,0,100000,250,0,0
Simple,1,239,UK,DL15 9LE,1000,5000,GBP,ORF,ORF,100000,1000,10000,0,100000,250,0,0
Simple,1,240,UK,EN1 2HX,1000,5000,GBP,ORF,ORF,100000,1000,10000,0,100000,250,0,0
Simple,1,241,UK,S43 2JG,1000,5000,GBP,ORF,ORF,100000,1000,10000,0,100000,250,0,0
Simple,1,242,UK,NG23 5RW,1000,5000,GBP,ORF,ORF,100000,1000,10000,0,100000,250,0,0
Simple,1,243,UK,CB10 2HZ,1000,5000,GBP,ORF,ORF,100000,1000,10000,0,100000,250,0,0
Simple,1,244,UK,CM13 2LL,1000,5000,GBP,ORF,ORF,100000,1000,10000,0,100000,250,0,0
Simple,1,245,UK,LL18 3DA,1000,5000,GBP,ORF,ORF,100000,1000,10000,0,100000,250,0,0
Simple,1,246,UK,IP33 1JZ,1000,5000,GBP,ORF,ORF,100000,1000,10000,0,100000,250,0,0
Simple,1,247,UK,BS23 1JE,1000,5000,GBP,ORF,ORF,100000,1000,10000,0,100000,250,0,0
Simple,1,248,UK,BS31 2GP,1000,5000,GBP,ORF,ORF,100000,1000,10000,0,100000,250,0,0
Simple,1,249,UK,IP13 0EL,1000,5000,GBP,ORF,ORF,100000,1000,10000,0,100000,250,0,0
Simple,1,250,UK,BN13 1JP,1000,5000,GBP,ORF,ORF,100000,1000,10000,0,100000,250,0,0
Simple,1,251,UK,RM12 4JF,1000,5000,GBP,ORF,ORF,100000,1000,10000,0,100000,250,0,0
Simple,1,252,UK,BS40 7AJ,1000,5000,GBP,ORF,ORF,100000,1000,10000,0,100000,250,0,0
Simple,1,253,UK,BT47 6WR,1000,5000,GBP,ORF,ORF,100000,1000,10000,0,100000,250,0,0
Simple,1,254,UK,NW1 3EN,1000,5000,GBP,ORF,ORF,100000,1000,10000,0,100000,250,0,0
Simple,1,255,UK,TQ12 9JU,1000,5000,GBP,ORF,ORF,100000,1000,10000,0,100000,250,0,0
Simple,1,256,UK,B13 8QH,1000,5000,GBP,ORF,ORF,100000,1000,10000,0,100000,250,0,0
Simple,1,257,UK,G66 4BS,1000,5000,GBP,ORF,ORF,100000,1000,10000,0,100000,250,0,0
Simple,1,258,UK,EH16 4AX,1000,5000,GBP,ORF,ORF,100000,1000,10000,0,100000,250,0,0
Simple,1,259,UK,B66 4BE,1000,5000,GBP,ORF,ORF,100000,1000,10000,0,100000,250,0,0
Simple,1,260,UK,NR25 7PW,1000,5000,GBP,ORF,ORF,100000,1000,10000,0,100000,250,0,0
Simple,1,261,UK,DH6 5PF,1000,5000,GBP,ORF,ORF,100000,1000,10000,0,100000,250,0,0
Simple,1,262,UK,RG30 4LS,1000,5000,GBP,ORF,ORF,100000,1000,10000,0,100000,250,0,0
Simple,1,263,UK,ML3 0DF,1000,5000,GBP,ORF,ORF,100000,1000,10000,0,100000,250,0,0
Simple,1,264,UK,KA2 0LT,1000,5000,GBP,ORF,ORF,100000,1000,10000,0,100000,250,0,0
Simple,1,265,UK,HD1 1ED,1000,5000,GBP,ORF,ORF,100000,1000,10000,0,100000,250,0,0
Simple,1,266,UK,WS13 6QH,1000,5000,GBP,ORF,ORF,100000,1000,10000,0,100000,250,0,0
Simple,1,267,UK,WA9 5GG,1000,5000,GBP,ORF,ORF,100000,1000,10000,0,100000,250,0,0
Simple,1,268,UK,PE15 8HA,1000,5000,GBP,ORF,ORF,100000,1000,10000,0,100000,250,0,0
Simple,1,269,UK,TS10 1LD,1000,5000,GBP,ORF,ORF,100000,1000,10000,0,100000,250,0,0
Simple,1,270,UK,SP5 2DG,1000,5000,GBP,ORF,ORF,100000,1000,10000,0,100000,250,0,0
Simple,1,271,UK,SN8 3JR,1000,5000,GBP,ORF,ORF,100000,1000,10000,0,100000,250,0,0
Simple,1,272,UK,LS5 3QE,1000,5000,GBP,ORF,ORF,100000,1000,10000,0,100000,250,0,0
Simple,1,273,UK,L17 0EE,1000,5000,GBP,ORF,ORF,100000,1000,10000,0,100000,250,0,0
Simple,1,274,UK,L17 7EU,1000,5000,GBP,ORF,ORF,100000,1000,10000,0,100000,250,0,0
Simple,1,275,UK,PE27 6HZ,1000,5000,GBP,ORF,ORF,100000,1000,10000,0,100000,250,0,0
Simple,1,276,UK,EX20 3NQ,1000,5000,GBP,ORF,ORF,100000,1000,10000,0,100000,250,0,0
Simple,1,277,UK,B78 3XQ,1000,5000,GBP,ORF,ORF,100000,1000,10000,0,100000,250,0,0
Simple,1,278,UK,M22 8ES,1000,5000,GBP,ORF,ORF,100000,1000,10000,0,100000,250,0,0
Simple,1,279,UK,NG2 7UB,1000,5000,GBP,ORF,ORF,100000,1000,10000,0,100000,250,0,0
Simple,1,280,UK,CV3 5LG,1000,5000,GBP,ORF,ORF,100000,1000,10000,0,100000,250,0,0
Simple,1,281,UK,LA2 9AG,1000,5000,GBP,ORF,ORF,100000,1000,10000,0,100000,250,0,0
Simple,1,282,UK,NE8 4AR,1000,5000,GBP,ORF,ORF,100000,1000,10000,0,100000,250,0,0
Simple,1,283,UK,HA8 8SU,1000,5000,GBP,ORF,ORF,100000,1000,10000,0,100000,250,0,0
Simple,1,284,UK,SL9 9AX,1000,5000,GBP,ORF,ORF,100000,1000,10000,0,100000,250,0,0
Simple,1,285,UK,ST15 8XQ,1000,5000,GBP,ORF,ORF,100000,1000,10000,0,100000,250,0,0
Simple,1,286,UK,SW19 8AW,1000,5000,GBP,ORF,ORF,100000,1000,10000,0,100000,250,0,0
Simple,1,287,UK,DL15 9NS,1000,5000,GBP,ORF,ORF,100000,1000,10000,0,100000,250,0,0
Simple,1,288,UK,G77 5AB,1000,5000,GBP,ORF,ORF,100000,1000,10000,0,100000,250,0,0
Simple,1,289,UK,EC1R 0QJ,1000,5000,GBP,ORF,ORF,100000,1000,10000,0,100000,250,0,0
Simple,1,290,UK,NG5 1QJ,1000,5000,GBP,ORF,ORF,100000,1000,10000,0,100000,250,0,0
Simple,1,291,UK,LS26 0SW,1000,5000,GBP,ORF,ORF,100000,1000,10000,0,100000,250,0,0
Simple,1,292,UK,LL53 7YA,1000,5000,GBP,ORF,ORF,100000,1000,10000,0,100000,250,0,0
Simple,1,293,UK,EH14 1EB,1000,5000,GBP,ORF,ORF,100000,1000,10000,0,100000,250,0,0
Simple,1,294,UK,L3 3DW,1000,5000,GBP,ORF,ORF,100000,1000,10000,0,100000,250,0,0
Simple,1,295,UK,CA11 8ED,1000,5000,GBP,ORF,ORF,100000,1000,10000,0,100000,250,0,0
Simple,1,296,UK,CB21 5NZ,1000,5000,GBP,ORF,ORF,100000,1000,10000,0,100000,250,0,0
Simple,1,297,UK,LL14 6AN,1000,5000,GBP,ORF,ORF,100000,1000,10000,0,100000,250,0,0
Simple,1,298,UK,LE2 7NG,1000,5000,GBP,ORF,ORF,100000,1000,10000,0,100000,250,0,0
Simple,1,299,UK,SK9 1NY,1000,5000,GBP,ORF,ORF,100000,1000,10000,0,100000,250,0,0
Simple,1,300,UK,NG18 3AE,1000,5000,GBP,ORF,ORF,100000,1000,10000,0,100000,250,0,0
Simple,1,301,UK,S70 5EY,1000,5000,GBP,ORF,ORF,100000,1000,10000,0,100000,250,0,0
Simple,1,302,UK,KT10 8PT,1000,5000,GBP,ORF,ORF,100000,1000,10000,0,100000,250,0,0
Simple,1,303,UK,L22 5PZ,1000,5000,GBP,ORF,ORF,100000,1000,10000,0,100000,250,0,0
Simple,1,304,UK,SG8 7FF,1000,5000,GBP,ORF,ORF,100000,1000,10000,0,100000,250,0,0
Simple,1,305,UK,BA11 2NB,1000,5000,GBP,ORF,ORF,100000,1000,10000,0,100000,250,0,0
Simple,1,306,UK,CH46 8SP,1000,5000,GBP,ORF,ORF,100000,1000,10000,0,100000,250,0,0
Simple,1,307,UK,ME2 1EL,1000,5000,GBP,ORF,ORF,100000,1000,10000,0,100000,250,0,0
Simple,1,308,UK,TS6 8EA,1000,5000,GBP,ORF,ORF,100000,1000,10000,0,100000,250,0,0
Simple,1,309,UK,CA3 8NH,1000,5000,GBP,ORF,ORF,100000,1000,10000,0,100000,250,0,0
Simple,1,310,UK,FY3 9PX,1000,5000,GBP,ORF,ORF,100000,1000,10000,0,100000,250,0,0
Simple,1,311,UK,EX21 5PJ,1000,5000,GBP,ORF,ORF,100000,1000,10000,0,100000,250,0,0
Simple,1,312,UK,NR30 5PG,1000,5000,GBP,ORF,ORF,100000,1000,10000,0,100000,250,0,0
Simple,1,313,UK,L23 0RU,1000,5000,GBP,ORF,ORF,100000,1000,10000,0,100000,250,0,0
Simple,1,314,UK,NE15 8DP,1000,5000,GBP,ORF,ORF,100000,1000,10000,0,100000,250,0,0
Simple,1,315,UK,PE11 1XW,1000,5000,GBP,ORF,ORF,100000,1000,10000,0,100000,250,0,0
Simple,1,316,UK,LS17 9BZ,1000,5000,GBP,ORF,ORF,100000,1000,10000,0,100000,250,0,0
Simple,1,317,UK,LL13 9XH,1000,5000,GBP,ORF,ORF,100000,1000,10000,0,100000,250,0,0
Simple,1,318,UK,SK4 2HP,1000,5000,GBP,ORF,ORF,100000,1000,10000,0,100000,250,0,0
Simple,1,319,UK,EC2M 4TE,1000,5000,GBP,ORF,ORF,100000,1000,10000,0,100000,250,0,0
Simple,1,320,UK,DE23 8HE,1000,5000,GBP,ORF,ORF,100000,1000,10000,0,100000,250,0,0
Simple,1,321,UK,WA6 8DE,1000,5000,GBP,ORF,ORF,100000,1000,10000,0,100000,250,0,0
Simple,1,322,UK,HP22 9AX,1000,5000,GBP,ORF,ORF,100000,1000,10000,0,100000,250,0,0
Simple,1,323,UK,TS17 0HP,1000,5000,GBP,ORF,ORF,100000,1000,10000,0,100000,250,0,0
Simple,1,324,UK,HA1 3PA,1000,5000,GBP,ORF,ORF,100000,1000,10000,0,100000,250,0,0
Simple,1,325,UK,CR0 9LE,1000,5000,GBP,ORF,ORF,100000,1000,10000,0,100000,250,0,0
Simple,1,326,UK,LE12 9RS,1000,5000,GBP,ORF,ORF,100000,1000,10000,0,100000,250,0,0
Simple,1,327,UK,KA8 9BD,1000,5000,GBP,ORF,ORF,100000,1000,10000,0,100000,250,0,0
Simple,1,328,UK,SN12 7FJ,1000,5000,GBP,ORF,ORF,100000,1000,10000,0,100000,250,0,0
Simple,1,329,UK,M33 5PQ,1000,5000,GBP,ORF,ORF,100000,1000,10000,0,100000,250,0,0
Simple,1,330,UK,EX5 4AF,1000,5000,GBP,ORF,ORF,100000,1000,10000,0,100000,250,0,0
Simple,1,331,UK,LL68 0PY,1000,5000,GBP,ORF,ORF,100000,1000,10000,0,100000,250,0,0
Simple,1,332,UK,M30 8BR,1000,5000,GBP,ORF,ORF,100000,1000,10000,0,100000,250,0,0
Simple,1,333,UK,CV22 6TB,1000,5000,GBP,ORF,ORF,100000,1000,10000,0,100000,250,0,0
Simple,1,334,UK,M20 2QW,1000,5000,GBP,ORF,ORF,100000,1000,10000,0,100000,250,0,0
Simple,1,335,UK,NE44 6EN,1000,5000,GBP,ORF,ORF,100000,1000,10000,0,100000,250,0,0
Simple,1,336,UK,WD23 4PY,1000,5000,GBP,ORF,ORF,100000,1000,10000,0,100000,250,0,0
Simple,1,337,UK,GL3 3JH,1000,5000,GBP,ORF,ORF,100000,1000,10000,0,100000,250,0,0
Simple,1,338,UK,BL2 2ER,1000,5000,GBP,ORF,ORF,100000,1000,10000,0,100000,250,0,0
Simple,1,339,UK,ST20 0NW,1000,5000,GBP,ORF,ORF,100000,1000,10000,0,100000,250,0,0
Simple,1,340,UK,PE6 8AB,1000,5000,GBP,ORF,ORF,100000,1000,10000,0,100000,250,0,0
Simple,1,341,UK,CF5 6LE,1000,5000,GBP,ORF,ORF,100000,1000,10000,0,100000,250,0,0
Simple,1,342,UK,TN38 8WD,1000,5000,GBP,ORF,ORF,100000,1000,10000,0,100000,250,0,0
Simple,1,343,UK,TS18 2HA,1000,5000,GBP,ORF,ORF,100000,1000,10000,0,100000,250,0,0
Simple,1,344,UK,NE23 6UX,1000,5000,GBP,ORF,ORF,100000,1000,10000,0,100000,250,0,0
Simple,1,345,UK,BT35 7ER,1000,5000,GBP,ORF,ORF,100000,1000,10000,0,100000,250,0,0
Simple,1,346,UK,NP7 9TW,1000,5000,GBP,ORF,ORF,100000,1000,10000,0,100000,250,0,0
Simple,1,347,UK,N18 3AX,1000,5000,GBP,ORF,ORF,100000,1000,10000,0,100000,250,0,0
Simple,1,348,UK,RG17 0AS,1000,5000,GBP,ORF,ORF,100000,1000,10000,0,100000,250,0,0
Simple,1,349,UK,SW95 9AH,1000,5000,GBP,ORF,ORF,100000,1000,10000,0,100000,250,0,0
Simple,1,350,UK,SE8 3QG,1000,5000,GBP,ORF,ORF,100000,1000,10000,0,100000,250,0,0
Simple,1,351,UK,SL5 8FU,1000,5000,GBP,ORF,ORF,100000,1000,10000,0,100000,250,0,0
Simple,1,352,UK,BS23 1JE,1000,5000,GBP,ORF,ORF,100000,1000,10000,0,100000,250,0,0
Simple,1,353,UK,M20 4UJ,1000,5000,GBP,ORF,ORF,100000,1000,10000,0,100000,250,0,0
Simple,1,354,UK,GL7 6EF,1000,5000,GBP,ORF,ORF,100000,1000,10000,0,100000,250,0,0
Simple,1,355,UK,IG10 2RU,1000,5000,GBP,ORF,ORF,100000,1000,10000,0,100000,250,0,0
Simple,1,356,UK,ST3 3JD,1000,5000,GBP,ORF,ORF,100000,1000,10000,0,100000,250,0,0
Simple,1,357,UK,NG24 1WN,1000,5000,GBP,ORF,ORF,100000,1000,10000,0,100000,250,0,0
Simple,1,358,UK,G34 9NW,1000,5000,GBP,ORF,ORF,100000,1000,10000,0,100000,250,0,0
Simple,1,359,UK,PL24 2JJ,1000,5000,GBP,ORF,ORF,100000,1000,10000,0,100000,250,0,0
Simple,1,360,UK,DL3 9QQ,1000,5000,GBP,ORF,ORF,100000,1000,10000,0,100000,250,0,0
Simple,1,361,UK,LE5 4PR,1000,5000,GBP,ORF,ORF,100000,1000,10000,0,100000,250,0,0
Simple,1,362,UK,LN1 1NW,1000,5000,GBP,ORF,ORF,100000,1000,10000,0,100000,250,0,0
Simple,1,363,UK,N16 6RJ,1000,5000,GBP,ORF,ORF,100000,1000,10000,0,100000,250,0,0
Simple,1,364,UK,LL60 6DR,1000,5000,GBP,ORF,ORF,100000,1000,10000,0,100000,250,0,0
Simple,1,365,UK,WA3 3TA,1000,5000,GBP,ORF,ORF,100000,1000,10000,0,100000,250,0,0
Simple,1,366,UK,BL5 3UD,1000,5000,GBP,ORF,ORF,100000,1000,10000,0,100000,250,0,0
Simple,1,367,UK,S10 1QA,1000,5000,GBP,ORF,ORF,100000,1000,10000,0,100000,250,0,0
Simple,1,368,UK,GU32 9AR,1000,5000,GBP,ORF,ORF,100000,1000,10000,0,100000,250,0,0
Simple,1,369,UK,HX2 8WJ,1000,5000,GBP,ORF,ORF,100000,1000,10000,0,100000,250,0,0
Simple,1,370,UK,CM1 2PB,1000,5000,GBP,ORF,ORF,100000,1000,10000,0,100000,250,0,0
Simple,1,371,UK,AB21 0PJ,1000,5000,GBP,ORF,ORF,100000,1000,10000,0,100000,250,0,0
Simple,1,372,UK,G77 6EL,1000,5000,GBP,ORF,ORF,100000,1000,10000,0,100000,250,0,0
Simple,1,373,UK,WR6 6UY,1000,5000,GBP,ORF,ORF,100000,1000,10000,0,100000,250,0,0
Simple,1,374,UK,ST13 8QB,1000,5000,GBP,ORF,ORF,100000,1000,10000,0,100000,250,0,0
Simple,1,375,UK,NW10 4NB,1000,5000,GBP,ORF,ORF,100000,1000,10000,0,100000,250,0,0
Simple,1,376,UK,GL7 2DH,1000,5000,GBP,ORF,ORF,100000,1000,10000,0,100000,250,0,0
Simple,1,377,UK,E5 8DP,1000,5000,GBP,ORF,ORF,100000,1000,10000,0,100000,250,0,0
Simple,1,378,UK,W1U 2QS,1000,5000,GBP,ORF,ORF,100000,1000,10000,0,100000,250,0,0
Simple,1,379,UK,MK41 6EL,1000,5000,GBP,ORF,ORF,100000,1000,10000,0,100000,250,0,0
Simple,1,380,UK,SL5 0QU,1000,5000,GBP,ORF,ORF,100000,1000,10000,0,100000,250,0,0
Simple,1,381,UK,KY11 2TP,1000,5000,GBP,ORF,ORF,100000,1000,10000,0,100000,250,0,0
Simple,1,382,UK,UB1 3EW,1000,5000,GBP,ORF,ORF,100000,1000,10000,0,100000,250,0,0
Simple,1,383,UK,MK44 3BE,1000,5000,GBP,ORF,ORF,100000,1000,10000,0,100000,250,0,0
Simple,1,384,UK,WS7 2DQ,1000,5000,GBP,ORF,ORF,100000,1000,10000,0,100000,250,0,0
Simple,1,385,UK,CF63 1EA,1000,5000,GBP,ORF,ORF,100000,1000,10000,0,100000,250,0,0
Simple,1,386,UK,HX7 7NQ,1000,5000,GBP,ORF,ORF,100000,1000,10000,0,100000,250,0,0
Simple,1,387,UK,TS11 7HN,1000,5000,GBP,ORF,ORF,100000,1000,10000,0,100000,250,0,0
Simple,1,388,UK,PE19 5HQ,1000,5000,GBP,ORF,ORF,100000,1000,10000,0,100000,250,0,0
Simple,1,389,UK,SE6 2AJ,1000,5000,GBP,ORF,ORF,100000,1000,10000,0,100000,250,0,0
Simple,1,390,UK,BS16 9AQ,1000,5000,GBP,ORF,ORF,100000,1000,10000,0,100000,250,0,0
Simple,1,391,UK,LN1 3TN,1000,5000,GBP,ORF,ORF,100000,1000,10000,0,100000,250,0,0
Simple,1,392,UK,RH6 8BA,1000,5000,GBP,ORF,ORF,100000,1000,10000,0,100000,250,0,0
Simple,1,393,UK,BT29 4BE,1000,5000,GBP,ORF,ORF,100000,1000,10000,0,100000,250,0,0
Simple,1,394,UK,W11 4PY,1000,5000,GBP,ORF,ORF,100000,1000,10000,0,100000,250,0,0
Simple,1,395,UK,M19 2WH,1000,5000,GBP,ORF,ORF,100000,1000,10000,0,100000,250,0,0
Simple,1,396,UK,SO42 7RZ,1000,5000,GBP,ORF,ORF,100000,1000,10000,0,100000,250,0,0
Simple,1,397,UK,SN12 7LE,1000,5000,GBP,ORF,ORF,100000,1000,10000,0,100000,250,0,0
Simple,1,398,UK,RM3 7RU,1000,5000,GBP,ORF,ORF,100000,1000,10000,0,100000,250,0,0
Simple,1,399,UK,NG20 0BN,1000,5000,GBP,ORF,ORF,100000,1000,10000,0,100000,250,0,0
Simple,1,400,UK,LN1 2GA,1000,5000,GBP,ORF,ORF,100000,1000,10000,0,100000,250,0,0
Simple,1,401,UK,PE9 2NP,1000,5000,GBP,ORF,ORF,100000,1000,10000,0,100000,250,0,0
Simple,1,402,UK,S61 4DT,1000,5000,GBP,ORF,ORF,100000,1000,10000,0,100000,250,0,0
Simple,1,403,UK,GU2 9GT,1000,5000,GBP,ORF,ORF,100000,1000,10000,0,100000,250,0,0
Simple,1,404,UK,NP23 4BP,1000,5000,GBP,ORF,ORF,100000,1000,10000,0,100000,250,0,0
Simple,1,405,UK,KT3 5PG,1000,5000,GBP,ORF,ORF,100000,1000,10000,0,100000,250,0,0
Simple,1,406,UK,DD9 7QN,1000,5000,GBP,ORF,ORF,100000,1000,10000,0,100000,250,0,0
Simple,1,407,UK,DY5 3GY,1000,5000,GBP,ORF,ORF,100000,1000,10000,0,100000,250,0,0
Simple,1,408,UK,OX27 8RH,1000,5000,GBP,ORF,ORF,100000,1000,10000,0,100000,250,0,0
Simple,1,409,UK,CF63 1RR,1000,5000,GBP,ORF,ORF,100000,1000,10000,0,100000,250,0,0
Simple,1,410,UK,OX29 8AY,1000,5000,GBP,ORF,ORF,100000,1000,10000,0,100000,250,0,0
Simple,1,411,UK,OL9 0PG,1000,5000,GBP,ORF,ORF,100000,1000,10000,0,100000,250,0,0
Simple,1,412,UK,SE9 3BL,1000,5000,GBP,ORF,ORF,100000,1000,10000,0,100000,250,0,0
Simple,1,413,UK,FK3 9EA,1000,5000,GBP,ORF,ORF,100000,1000,10000,0,100000,250,0,0
Simple,1,414,UK,HR7 4DL,1000,5000,GBP,ORF,ORF,100000,1000,10000,0,100000,250,0,0
Simple,1,415,UK,G4 0EJ,1000,5000,GBP,ORF,ORF,100000,1000,10000,0,100000,250,0,0
Simple,1,416,UK,SG13 8DG,1000,5000,GBP,ORF,ORF,100000,1000,10000,0,100000,250,0,0
Simple,1,417,UK,HP15 7HD,1000,5000,GBP,ORF,ORF,100000,1000,10000,0,100000,250,0,0
Simple,1,418,UK,CR8 5AN,1000,5000,GBP,ORF,ORF,100000,1000,10000,0,100000,250,0,0
Simple,1,419,UK,BT78 9AN,1000,5000,GBP,ORF,ORF,100000,1000,10000,0,100000,250,0,0
Simple,1,420,UK,WA9 3JX,1000,5000,GBP,ORF,ORF,100000,1000,10000,0,100000,250,0,0
Simple,1,421,UK,CH5 3SJ,1000,5000,GBP,ORF,ORF,100000,1000,10000,0,100000,250,0,0
Simple,1,422,UK,G53 7AR,1000,5000,GBP,ORF,ORF,100000,1000,10000,0,100000,250,0,0
Simple,1,423,UK,ST6 5BJ,1000,5000,GBP,ORF,ORF,100000,1000,10000,0,100000,250,0,0
Simple,1,424,UK,SO41 0QD,1000,5000,GBP,ORF,ORF,100000,1000,10000,0,100000,250,0,0
Simple,1,425,UK,S74 8HN,1000,5000,GBP,ORF,ORF,100000,1000,10000,0,100000,250,0,0
Simple,1,426,UK,NW3 3SB,1000,5000,GBP,ORF,ORF,100000,1000,10000,0,100000,250,0,0
Simple,1,427,UK,CW10 9JR,1000,5000,GBP,ORF,ORF,100000,1000,10000,0,100000,250,0,0
Simple,1,428,UK,EX39 1LS,1000,5000,GBP,ORF,ORF,100000,1000,10000,0,100000,250,0,0
Simple,1,429,UK,BS1 2BG,1000,5000,GBP,ORF,ORF,100000,1000,10000,0,100000,250,0,0
Simple,1,430,UK,GL52 8FS,1000,5000,GBP,ORF,ORF,100000,1000,10000,0,100000,250,0,0
Simple,1,431,UK,CF32 0HD,1000,5000,GBP,ORF,ORF,100000,1000,10000,0,100000,250,0,0
Simple,1,432,UK,GU27 1NS,1000,5000,GBP,ORF,ORF,100000,1000,10000,0,100000,250,0,0
Simple,1,433,UK,BT92 1GL,1000,5000,GBP,ORF,ORF,100000,1000,10000,0,100000,250,0,0
Simple,1,434,UK,PR5 4LH,1000,5000,GBP,ORF,ORF,100000,1000,10000,0,100000,250,0,0
Simple,1,435,UK,PR7 7HS,1000,5000,GBP,ORF,ORF,100000,1000,10000,0,100000,250,0,0
Simple,1,436,UK,DA7 4PS,1000,5000,GBP,ORF,ORF,100000,1000,10000,0,100000,250,0,0
Simple,1,437,UK,LE11 5YN,1000,5000,GBP,ORF,ORF,100000,1000,10000,0,100000,250,0,0
Simple,1,438,UK,WF14 0HA,1000,5000,GBP,ORF,ORF,100000,1000,10000,0,100000,250,0,0
Simple,1,439,UK,OX3 8NY,1000,5000,GBP,ORF,ORF,100000,1000,10000,0,100000,250,0,0
Simple,1,440,UK,E5 9NR,1000,5000,GBP,ORF,ORF,100000,1000,10000,0,100000,250,0,0
Simple,1,441,UK,IV36 3BP,1000,5000,GBP,ORF,ORF,100000,1000,10000,0,100000,250,0,0
Simple,1,442,UK,NE37 3LB,1000,5000,GBP,ORF,ORF,100000,1000,10000,0,100000,250,0,0
Simple,1,443,UK,CV5 7HU,1000,5000,GBP,ORF,ORF,100000,1000,10000,0,100000,250,0,0
Simple,1,444,UK,BN5 9QD,1000,5000,GBP,ORF,ORF,100000,1000,10000,0,100000,250,0,0
Simple,1,445,UK,SW6 5TA,1000,5000,GBP,ORF,ORF,100000,1000,10000,0,100000,250,0,0
Simple,1,446,UK,NE34 7LL,1000,5000,GBP,ORF,ORF,100000,1000,10000,0,100000,250,0,0
Simple,1,447,UK,WR15 8EA,1000,5000,GBP,ORF,ORF,100000,1000,10000,0,100000,250,0,0
Simple,1,448,UK,BN27 4TX,1000,5000,GBP,ORF,ORF,100000,1000,10000,0,100000,250,0,0
Simple,1,449,UK,MK2 3QG,1000,5000,GBP,ORF,ORF,100000,1000,10000,0,100000,250,0,0
Simple,1,450,UK,PL4 8QA,1000,5000,GBP,ORF,ORF,100000,1000,10000,0,100000,250,0,0
Simple,1,451,UK,CM3 5RZ,1000,5000,GBP,ORF,ORF,100000,1000,10000,0,100000,250,0,0
Simple,1,452,UK,LE2 7JN,1000,5000,GBP,ORF,ORF,100000,1000,10000,0,100000,250,0,0
Simple,1,453,UK,IV9 8QL,1000,5000,GBP,ORF,ORF,100000,1000,10000,0,100000,250,0,0
Simple,1,454,UK,KA25 7LB,1000,5000,GBP,ORF,ORF,100000,1000,10000,0,100000,250,0,0
Simple,1,455,UK,TR7 2NF,1000,5000,GBP,ORF,ORF,100000,1000,10000,0,100000,250,0,0
Simple,1,456,UK,OL13 0AL,1000,5000,GBP,ORF,ORF,100000,1000,10000,0,100000,250,0,0
Simple,1,457,UK,BN21 3BN,1000,5000,GBP,ORF,ORF,100000,1000,10000,0,100000,250,0,0
Simple,1,458,UK,BT44 9AY,1000,5000,GBP,ORF,ORF,100000,1000,10000,0,100000,250,0,0
Simple,1,459,UK,MK19 6DQ,1000,5000,GBP,ORF,ORF,100000,1000,10000,0,100000,250,0,0
Simple,1,460,UK,WA10 5AE,1000,5000,GBP,ORF,ORF,100000,1000,10000,0,100000,250,0,0
Simple,1,461,UK,WV3 9QQ,1000,5000,GBP,ORF,ORF,100000,1000,10000,0,100000,250,0,0
Simple,1,462,UK,CW5 7EF,1000,5000,GBP,ORF,ORF,100000,1000,10000,0,100000,250,0,0
Simple,1,463,UK,SG12 0EX,1000,5000,GBP,ORF,ORF,100000,1000,10000,0,100000,250,0,0
Simple,1,464,UK,HA5 9PL,1000,5000,GBP,ORF,ORF,100000,1000,10000,0,100000,250,0,0
Simple,1,465,UK,CT12 6LQ,1000,5000,GBP,ORF,ORF,100000,1000,10000,0,100000,250,0,0
Simple,1,466,UK,PE38 0NF,1000,5000,GBP,ORF,ORF,100000,1000,10000,0,100000,250,0,0
Simple,1,467,UK,S6 4ND,1000,5000,GBP,ORF,ORF,100000,1000,10000,0,100000,250,0,0
Simple,1,468,UK,B60 4DJ,1000,5000,GBP,ORF,ORF,100000,1000,10000,0,100000,250,0,0
Simple,1,469,UK,BT61 8LN,1000,5000,GBP,ORF,ORF,100000,1000,10000,0,100000,250,0,0
Simple,1,470,UK,MK7 7DF,1000,5000,GBP,ORF,ORF,100000,1000,10000,0,100000,250,0,0
Simple,1,471,UK,TN12 0DY,1000,5000,GBP,ORF,ORF,100000,1000,10000,0,100000,250,0,0
Simple,1,472,UK,DA11 0DE,1000,5000,GBP,ORF,ORF,100000,1000,10000,0,100000,250,0,0
Simple,1,473,UK,OX4 4ST,1000,5000,GBP,ORF,ORF,100000,1000,10000,0,100000,250,0,0
Simple,1,474,UK,SO50 4JL,1000,5000,GBP,ORF,ORF,100000,1000,10000,0,100000,250,0,0
Simple,1,475,UK,L35 4PD,1000,5000,GBP,ORF,ORF,100000,1000,10000,0,100000,250,0,0
Simple,1,476,UK,KT2 5PA,1000,5000,GBP,ORF,ORF,100000,1000,10000,0,100000,250,0,0
Simple,1,477,UK,NW1W 9QB,1000,5000,GBP,ORF,ORF,100000,1000,10000,0,100000,250,0,0
Simple,1,478,UK,NR12 9PH,1000,5000,GBP,ORF,ORF,100000,1000,10000,0,100000,250,0,0
Simple,1,479,UK,BS34 5LG,1000,5000,GBP,ORF,ORF,100000,1000,10000,0,100000,250,0,0
Simple,1,480,UK,BS48 3BP,1000,5000,GBP,ORF,ORF,100000,1000,10000,0,100000,250,0,0
Simple,1,481,UK,DT10 1PF,1000,5000,GBP,ORF,ORF,100000,1000,10000,0,100000,250,0,0
Simple,1,482,UK,DG7 3PS,1000,5000,GBP,ORF,ORF,100000,1000,10000,0,100000,250,0,0
Simple,1,483,UK,BS5 6SW,1000,5000,GBP,ORF,ORF,100000,1000,10000,0,100000,250,0,0
Simple,1,484,UK,GU8 5EL,1000,5000,GBP,ORF,ORF,100000,1000,10000,0,100000,250,0,0
Simple,1,485,UK,WN5 9JJ,1000,5000,GBP,ORF,ORF,100000,1000,10000,0,100000,250,0,0
Simple,1,486,UK,CA2 7BS,1000,5000,GBP,ORF,ORF,100000,1000,10000,0,100000,250,0,0
Simple,1,487,UK,IP11 2FN,1000,5000,GBP,ORF,ORF,100000,1000,10000,0,100000,250,0,0
Simple,1,488,UK,WD19 5EH,1000,5000,GBP,ORF,ORF,100000,1000,10000,0,100000,250,0,0
Simple,1,489,UK,TN12 6EG,1000,5000,GBP,ORF,ORF,100000,1000,10000,0,100000,250,0,0
Simple,1,490,UK,TQ3 1DP,1000,5000,GBP,ORF,ORF,100000,1000,10000,0,100000,250,0,0
Simple,1,491,UK,GU12 6FP,1000,5000,GBP,ORF,ORF,100000,1000,10000,0,100000,250,0,0
Simple,1,492,UK,ST9 0DU,1000,5000,GBP,ORF,ORF,100000,1000,10000,0,100000,250,0,0
Simple,1,493,UK,CA7 1JJ,1000,5000,GBP,ORF,ORF,100000,1000,10000,0,100000,250,0,0
Simple,1,494,UK,WN7 4QX,1000,5000,GBP,ORF,ORF,100000,1000,10000,0,100000,250,0,0
Simple,1,495,UK,HP5 1TL,1000,5000,GBP,ORF,ORF,100000,1000,10000,0,100000,250,0,0
Simple,1,496,UK,EX4 8DD,1000,5000,GBP,ORF,ORF,100000,1000,10000,0,100000,250,0,0
Simple,1,497,UK,KT6 4LL,1000,5000,GBP,ORF,ORF,100000,1000,10000,0,100000,250,0,0
Simple,1,498,UK,WV13 2JW,1000,5000,GBP,ORF,ORF,100000,1000,10000,0,100000,250,0,0
Simple,1,499,UK,SN14 8NW,1000,5000,GBP,ORF,ORF,100000,1000,10000,0,100000,250,0,0
Simple,1,500,UK,TF2 7SB,1000,5000,GBP,ORF,ORF,100000,1000,10000,0,100000,250,0,0
Simple,1,501,UK,SY16 2PZ,1000,5000,GBP,ORF,ORF,100000,1000,10000,0,100000,250,0,0
Simple,1,502,UK,BD13 4LJ,1000,5000,GBP,ORF,ORF,100000,1000,10000,0,100000,250,0,0
Simple,1,503,UK,WV12 5TF,1000,5000,GBP,ORF,ORF,100000,1000,10000,0,100000,250,0,0
Simple,1,504,UK,NE5 1HR,1000,5000,GBP,ORF,ORF,100000,1000,10000,0,100000,250,0,0
Simple,1,505,UK,G20 7LU,1000,5000,GBP,ORF,ORF,100000,1000,10000,0,100000,250,0,0
Simple,1,506,UK,CT6 5BU,1000,5000,GBP,ORF,ORF,100000,1000,10000,0,100000,250,0,0
Simple,1,507,UK,WD6 5FF,1000,5000,GBP,ORF,ORF,100000,1000,10000,0,100000,250,0,0
Simple,1,508,UK,N17 8JJ,1000,5000,GBP,ORF,ORF,100000,1000,10000,0,100000,250,0,0
Simple,1,509,UK,RM18 8DE,1000,5000,GBP,ORF,ORF,100000,1000,10000,0,100000,250,0,0
Simple,1,510,UK,G72 0GP,1000,5000,GBP,ORF,ORF,100000,1000,10000,0,100000,250,0,0
Simple,1,511,UK,PH15 2DJ,1000,5000,GBP,ORF,ORF,100000,1000,10000,0,100000,250,0,0
Simple,1,512,UK,TS3 9JH,1000,5000,GBP,ORF,ORF,100000,1000,10000,0,100000,250,0,0
Simple,1,513,UK,GL6 6TR,1000,5000,GBP,ORF,ORF,100000,1000,10000,0,100000,250,0,0
Simple,1,514,UK,BT14 8EL,1000,5000,GBP,ORF,ORF,100000,1000,10000,0,100000,250,0,0
Simple,1,515,UK,N2 0DW,1000,5000,GBP,ORF,ORF,100000,1000,10000,0,100000,250,0,0
Simple,1,516,UK,LA12 7JE,1000,5000,GBP,ORF,ORF,100000,1000,10000,0,100000,250,0,0
Simple,1,517,UK,PO6 4BG,1000,5000,GBP,ORF,ORF,100000,1000,10000,0,100000,250,0,0
Simple,1,518,UK,B97 5JX,1000,5000,GBP,ORF,ORF,100000,1000,10000,0,100000,250,0,0
Simple,1,519,UK,NP44 2LH,1000,5000,GBP,ORF,ORF,100000,1000,10000,0,100000,250,0,0
Simple,1,520,UK,G73 4DZ,1000,5000,GBP,ORF,ORF,100000,1000,10000,0,100000,250,0,0
Simple,1,521,UK,M34 5HX,1000,5000,GBP,ORF,ORF,100000,1000,10000,0,100000,250,0,0
Simple,1,522,UK,HD1 1ES,1000,5000,GBP,ORF,ORF,100000,1000,10000,0,100000,250,0,0
Simple,1,523,UK,GL11 5PZ,1000,5000,GBP,ORF,ORF,100000,1000,10000,0,100000,250,0,0
Simple,1,524,UK,TN12 7AW,1000,5000,GBP,ORF,ORF,100000,1000,10000,0,100000,250,0,0
Simple,1,525,UK,NW2 6BU,1000,5000,GBP,ORF,ORF,100000,1000,10000,0,100000,250,0,0
Simple,1,526,UK,TN24 8NP,1000,5000,GBP,ORF,ORF,100000,1000,10000,0,100000,250,0,0
Simple,1,527,UK,UB6 0TB,1000,5000,GBP,ORF,ORF,100000,1000,10000,0,100000,250,0,0
Simple,1,528,UK,BL6 7NF,1000,5000,GBP,ORF,ORF,100000,1000,10000,0,100000,250,0,0
Simple,1,529,UK,DL1 4TD,1000,5000,GBP,ORF,ORF,100000,1000,10000,0,100000,250,0,0
Simple,1,530,UK,PA2 8DY,1000,5000,GBP,ORF,ORF,100000,1000,10000,0,100000,250,0,0
Simple,1,531,UK,LL16 4DE,1000,5000,GBP,ORF,ORF,100000,1000,10000,0,100000,250,0,0
Simple,1,532,UK,RH6 9RD,1000,5000,GBP,ORF,ORF,100000,1000,10000,0,100000,250,0,0
Simple,1,533,UK,WS6 7EN,1000,5000,GBP,ORF,ORF,100000,1000,10000,0,100000,250,0,0
Simple,1,534,UK,BA13 4BS,1000,5000,GBP,ORF,ORF,100000,1000,10000,0,100000,250,0,0
Simple,1,535,UK,EX23 9QE,1000,5000,GBP,ORF,ORF,100000,1000,10000,0,100000,250,0,0
Simple,1,536,UK,LE2 0JR,1000,5000,GBP,ORF,ORF,100000,1000,10000,0,100000,250,0,0
Simple,1,537,UK,DL1 3JG,1000,5000,GBP,ORF,ORF,100000,1000,10000,0,100000,250,0,0
Simple,1,538,UK,SE3 0LN,1000,5000,GBP,ORF,ORF,100000,1000,10000,0,100000,250,0,0
Simple,1,539,UK,FK21 8TG,1000,5000,GBP,ORF,ORF,100000,1000,10000,0,100000,250,0,0
Simple,1,540,UK,CA11 7XT,1000,5000,GBP,ORF,ORF,100000,1000,10000,0,100000,250,0,0
Simple,1,541,UK,FY3 8EB,1000,5000,GBP,ORF,ORF,100000,1000,10000,0,100000,250,0,0
Simple,1,542,UK,AB12 3NE,1000,5000,GBP,ORF,ORF,100000,1000,10000,0,100000,250,0,0
Simple,1,543,UK,NP26 3SH,1000,5000,GBP,ORF,ORF,100000,1000,10000,0,100000,250,0,0
Simple,1,544,UK,WR6 6EF,1000,5000,GBP,ORF,ORF,100000,1000,10000,0,100000,250,0,0
Simple,1,545,UK,W1S 4JZ,1000,5000,GBP,ORF,ORF,100000,1000,10000,0,100000,250,0,0
Simple,1,546,UK,ME16 9EH,1000,5000,GBP,ORF,ORF,100000,1000,10000,0,100000,250,0,0
Simple,1,547,UK,CW5 5EY,1000,5000,GBP,ORF,ORF,100000,1000,10000,0,100000,250,0,0
Simple,1,548,UK,BH8 8UP,1000,5000,GBP,ORF,ORF,100000,1000,10000,0,100000,250,0,0
Simple,1,549,UK,BD2 3LY,1000,5000,GBP,ORF,ORF,100000,1000,10000,0,100000,250,0,0
Simple,1,550,UK,RG40 9SR,1000,5000,GBP,ORF,ORF,100000,1000,10000,0,100000,250,0,0
Simple,1,551,UK,KA10 6DR,1000,5000,GBP,ORF,ORF,100000,1000,10000,0,100000,250,0,0
Simple,1,552,UK,BA1 7RA,1000,5000,GBP,ORF,ORF,100000,1000,10000,0,100000,250,0,0
Simple,1,553,UK,NN15 6SD,1000,5000,GBP,ORF,ORF,100000,1000,10000,0,100000,250,0,0
Simple,1,554,UK,SE3 7QB,1000,5000,GBP,ORF,ORF,100000,1000,10000,0,100000,250,0,0
Simple,1,555,UK,EH22 4PB,1000,5000,GBP,ORF,ORF,100000,1000,10000,0,100000,250,0,0
Simple,1,556,UK,B37 6SB,1000,5000,GBP,ORF,ORF,100000,1000,10000,0,100000,250,0,0
Simple,1,557,UK,E8 1WT,1000,5000,GBP,ORF,ORF,100000,1000,10000,0,100000,250,0,0
Simple,1,558,UK,HP22 4NA,1000,5000,GBP,ORF,ORF,100000,1000,10000,0,100000,250,0,0
Simple,1,559,UK,DE65 5LB,1000,5000,GBP,ORF,ORF,100000,1000,10000,0,100000,250,0,0
Simple,1,560,UK,B93 8HE,1000,5000,GBP,ORF,ORF,100000,1000,10000,0,100000,250,0,0
Simple,1,561,UK,W1T 2SF,1000,5000,GBP,ORF,ORF,100000,1000,10000,0,100000,250,0,0
Simple,1,562,UK,BS30 9YQ,1000,5000,GBP,ORF,ORF,100000,1000,10000,0,100000,250,0,0
Simple,1,563,UK,BT82 8QL,1000,5000,GBP,ORF,ORF,100000,1000,10000,0,100000,250,0,0
Simple,1,564,UK,DA1 2PF,1000,5000,GBP,ORF,ORF,100000,1000,10000,0,100000,250,0,0
Simple,1,565,UK,BT44 9DW,1000,5000,GBP,ORF,ORF,100000,1000,10000,0,100000,250,0,0
Simple,1,566,UK,PE28 2NN,1000,5000,GBP,ORF,ORF,100000,1000,10000,0,100000,250,0,0
Simple,1,567,UK,WS13 7AQ,1000,5000,GBP,ORF,ORF,100000,1000,10000,0,100000,250,0,0
Simple,1,568,UK,BT44 8DX,1000,5000,GBP,ORF,ORF,100000,1000,10000,0,100000,250,0,0
Simple,1,569,UK,PL20 7JN,1000,5000,GBP,ORF,ORF,100000,1000,10000,0,100000,250,0,0
Simple,1,570,UK,E17 8SA,1000,5000,GBP,ORF,ORF,100000,1000,10000,0,100000,250,0,0
Simple,1,571,UK,SW1X 7NP,1000,5000,GBP,ORF,ORF,100000,1000,10000,0,100000,250,0,0
Simple,1,572,UK,UB10 0PN,1000,5000,GBP,ORF,ORF,100000,1000,10000,0,100000,250,0,0
Simple,1,573,UK,DE4 2GR,1000,5000,GBP,ORF,ORF,100000,1000,10000,0,100000,250,0,0
Simple,1,574,UK,TR18 2LU,1000,5000,GBP,ORF,ORF,100000,1000,10000,0,100000,250,0,0
Simple,1,575,UK,ST6 4ED,1000,5000,GBP,ORF,ORF,100000,1000,10000,0,100000,250,0,0
Simple,1,576,UK,DN2 4EU,1000,5000,GBP,ORF,ORF,100000,1000,10000,0,100000,250,0,0
Simple,1,577,UK,DD9 7BH,1000,5000,GBP,ORF,ORF,100000,1000,10000,0,100000,250,0,0
Simple,1,578,UK,SN25 2AA,1000,5000,GBP,ORF,ORF,100000,1000,10000,0,100000,250,0,0
Simple,1,579,UK,S70 9SS,1000,5000,GBP,ORF,ORF,100000,1000,10000,0,100000,250,0,0
Simple,1,580,UK,SK12 2JF,1000,5000,GBP,ORF,ORF,100000,1000,10000,0,100000,250,0,0
Simple,1,581,UK,CV6 7LF,1000,5000,GBP,ORF,ORF,100000,1000,10000,0,100000,250,0,0
Simple,1,582,UK,LL13 9UX,1000,5000,GBP,ORF,ORF,100000,1000,10000,0,100000,250,0,0
Simple,1,583,UK,L30 7QB,1000,5000,GBP,ORF,ORF,100000,1000,10000,0,100000,250,0,0
Simple,1,584,UK,CH5 1AX,1000,5000,GBP,ORF,ORF,100000,1000,10000,0,100000,250,0,0
Simple,1,585,UK,LN1 2FX,1000,5000,GBP,ORF,ORF,100000,1000,10000,0,100000,250,0,0
Simple,1,586,UK,BB5 4LU,1000,5000,GBP,ORF,ORF,100000,1000,10000,0,100000,250,0,0
Simple,1,587,UK,IP14 6EQ,1000,5000,GBP,ORF,ORF,100000,1000,10000,0,100000,250,0,0
Simple,1,588,UK,WA14 2LT,1000,5000,GBP,ORF,ORF,100000,1000,10000,0,100000,250,0,0
Simple,1,589,UK,HX3 9YH,1000,5000,GBP,ORF,ORF,100000,1000,10000,0,100000,250,0,0
Simple,1,590,UK,PR9 8HZ,1000,5000,GBP,ORF,ORF,100000,1000,10000,0,100000,250,0,0
Simple,1,591,UK,ML1 4LR,1000,5000,GBP,ORF,ORF,100000,1000,10000,0,100000,250,0,0
Simple,1,592,UK,CV21 4BP,1000,5000,GBP,ORF,ORF,100000,1000,10000,0,100000,250,0,0
Simple,1,593,UK,SE4 1NE,1000,5000,GBP,ORF,ORF,100000,1000,10000,0,100000,250,0,0
Simple,1,594,UK,ST6 6PS,1000,5000,GBP,ORF,ORF,100000,1000,10000,0,100000,250,0,0
Simple,1,595,UK,IP33 3HS,1000,5000,GBP,ORF,ORF,100000,1000,10000,0,100000,250,0,0
Simple,1,596,UK,PL1 3RE,1000,5000,GBP,ORF,ORF,100000,1000,10000,0,100000,250,0,0
Simple,1,597,UK,CA12 4RL,1000,5000,GBP,ORF,ORF,100000,1000,10000,0,100000,250,0,0
Simple,1,598,UK,TN14 7EA,1000,5000,GBP,ORF,ORF,100000,1000,10000,0,100000,250,0,0
Simple,1,599,UK,SY11 4EJ,1000,5000,GBP,ORF,ORF,100000,1000,10000,0,100000,250,0,0
Simple,1,600,UK,CO3 0RG,1000,5000,GBP,ORF,ORF,100000,1000,10000,0,100000,250,0,0
Simple,1,601,UK,ME15 0ER,1000,5000,GBP,ORF,ORF,100000,1000,10000,0,100000,250,0,0
Simple,1,602,UK,DE13 9LS,1000,5000,GBP,ORF,ORF,100000,1000,10000,0,100000,250,0,0
Simple,1,603,UK,AL2 3HZ,1000,5000,GBP,ORF,ORF,100000,1000,10000,0,100000,250,0,0
Simple,1,604,UK,WR8 9HA,1000,5000,GBP,ORF,ORF,100000,1000,10000,0,100000,250,0,0
Simple,1,605,UK,TQ13 7HS,1000,5000,GBP,ORF,ORF,100000,1000,10000,0,100000,250,0,0
Simple,1,606,UK,LN1 1PE,1000,5000,GBP,ORF,ORF,100000,1000,10000,0,100000,250,0,0
Simple,1,607,UK,TN34 2JR,1000,5000,GBP,ORF,ORF,100000,1000,10000,0,100000,250,0,0
Simple,1,608,UK,WA16 8QS,1000,5000,GBP,ORF,ORF,100000,1000,10000,0,100000,250,0,0
Simple,1,609,UK,NW3 1EL,1000,5000,GBP,ORF,ORF,100000,1000,10000,0,100000,250,0,0
Simple,1,610,UK,LA1 2EY,1000,5000,GBP,ORF,ORF,100000,1000,10000,0,100000,250,0,0
Simple,1,611,UK,BD18 3HQ,1000,5000,GBP,ORF,ORF,100000,1000,10000,0,100000,250,0,0
Simple,1,612,UK,S62 7TJ,1000,5000,GBP,ORF,ORF,100000,1000,10000,0,100000,250,0,0
Simple,1,613,UK,LS8 2EH,1000,5000,GBP,ORF,ORF,100000,1000,10000,0,100000,250,0,0
Simple,1,614,UK,E3 4NW,1000,5000,GBP,ORF,ORF,100000,1000,10000,0,100000,250,0,0
Simple,1,615,UK,G78 3RJ,1000,5000,GBP,ORF,ORF,100000,1000,10000,0,100000,250,0,0
Simple,1,616,UK,DG13 0ES,1000,5000,GBP,ORF,ORF,100000,1000,10000,0,100000,250,0,0
Simple,1,617,UK,RH2 7PY,1000,5000,GBP,ORF,ORF,100000,1000,10000,0,100000,250,0,0
Simple,1,618,UK,PO13 0TB,1000,5000,GBP,ORF,ORF,100000,1000,10000,0,100000,250,0,0
Simple,1,619,UK,S1 1HA,1000,5000,GBP,ORF,ORF,100000,1000,10000,0,100000,250,0,0
Simple,1,620,UK,EH6 6LT,1000,5000,GBP,ORF,ORF,100000,1000,10000,0,100000,250,0,0
Simple,1,621,UK,S66 3XH,1000,5000,GBP,ORF,ORF,100000,1000,10000,0,100000,250,0,0
Simple,1,622,UK,DN16 1RD,1000,5000,GBP,ORF,ORF,100000,1000,10000,0,100000,250,0,0
Simple,1,623,UK,N9 0HT,1000,5000,GBP,ORF,ORF,100000,1000,10000,0,100000,250,0,0
Simple,1,624,UK,GU10 4QN,1000,5000,GBP,ORF,ORF,100000,1000,10000,0,100000,250,0,0
Simple,1,625,UK,CH45 5JT,1000,5000,GBP,ORF,ORF,100000,1000,10000,0,100000,250,0,0
Simple,1,626,UK,PA13 4AB,1000,5000,GBP,ORF,ORF,100000,1000,10000,0,100000,250,0,0
Simple,1,627,UK,SO51 8BF,1000,5000,GBP,ORF,ORF,100000,1000,10000,0,100000,250,0,0
Simple,1,628,UK,BN22 9ER,1000,5000,GBP,ORF,ORF,100000,1000,10000,0,100000,250,0,0
Simple,1,629,UK,PA8 7LG,1000,5000,GBP,ORF,ORF,100000,1000,10000,0,100000,250,0,0
Simple,1,630,UK,BN13 1FL,1000,5000,GBP,ORF,ORF,100000,1000,10000,0,100000,250,0,0
Simple,1,631,UK,YO8 6NR,1000,5000,GBP,ORF,ORF,100000,1000,10000,0,100000,250,0,0
Simple,1,632,UK,BB1 8EJ,1000,5000,GBP,ORF,ORF,100000,1000,10000,0,100000,250,0,0
Simple,1,633,UK,SL4 2SZ,1000,5000,GBP,ORF,ORF,100000,1000,10000,0,100000,250,0,0
Simple,1,634,UK,YO31 7GA,1000,5000,GBP,ORF,ORF,100000,1000,10000,0,100000,250,0,0
Simple,1,635,UK,SW6 6BT,1000,5000,GBP,ORF,ORF,100000,1000,10000,0,100000,250,0,0
Simple,1,636,UK,LL37 2JF,1000,5000,GBP,ORF,ORF,100000,1000,10000,0,100000,250,0,0
Simple,1,637,UK,BT78 1QL,1000,5000,GBP,ORF,ORF,100000,1000,10000,0,100000,250,0,0
Simple,1,638,UK,CF61 2SQ,1000,5000,GBP,ORF,ORF,100000,1000,10000,0,100000,250,0,0
Simple,1,639,UK,DD3 6SY,1000,5000,GBP,ORF,ORF,100000,1000,10000,0,100000,250,0,0
Simple,1,640,UK,OX5 1NG,1000,5000,GBP,ORF,ORF,100000,1000,10000,0,100000,250,0,0
Simple,1,641,UK,CB6 3HD,1000,5000,GBP,ORF,ORF,100000,1000,10000,0,100000,250,0,0
Simple,1,642,UK,PE13 4NY,1000,5000,GBP,ORF,ORF,100000,1000,10000,0,100000,250,0,0
Simple,1,643,UK,OX16 0EY,1000,5000,GBP,ORF,ORF,100000,1000,10000,0,100000,250,0,0
Simple,1,644,UK,AB41 1AX,1000,5000,GBP,ORF,ORF,100000,1000,10000,0,100000,250,0,0
Simple,1,645,UK,NE66 4SA,1000,5000,GBP,ORF,ORF,100000,1000,10000,0,100000,250,0,0
Simple,1,646,UK,CT9 9SA,1000,5000,GBP,ORF,ORF,100000,1000,10000,0,100000,250,0,0
Simple,1,647,UK,CW1 3XE,1000,5000,GBP,ORF,ORF,100000,1000,10000,0,100000,250,0,0
Simple,1,648,UK,DG11 3LP,1000,5000,GBP,ORF,ORF,100000,1000,10000,0,100000,250,0,0
Simple,1,649,UK,DE4 5DY,1000,5000,GBP,ORF,ORF,100000,1000,10000,0,100000,250,0,0
Simple,1,650,UK,LE4 0PB,1000,5000,GBP,ORF,ORF,100000,1000,10000,0,100000,250,0,0
Simple,1,651,UK,IP11 2BS,1000,5000,GBP,ORF,ORF,100000,1000,10000,0,100000,250,0,0
Simple,1,652,UK,M46 0HR,1000,5000,GBP,ORF,ORF,100000,1000,10000,0,100000,250,0,0
Simple,1,653,UK,CB1 0ER,1000,5000,GBP,ORF,ORF,100000,1000,10000,0,100000,250,0,0
Simple,1,654,UK,PH10 6BS,1000,5000,GBP,ORF,ORF,100000,1000,10000,0,100000,250,0,0
Simple,1,655,UK,TR1 1PU,1000,5000,GBP,ORF,ORF,100000,1000,10000,0,100000,250,0,0
Simple,1,656,UK,TN30 6AN,1000,5000,GBP,ORF,ORF,100000,1000,10000,0,100000,250,0,0
Simple,1,657,UK,CV37 9DR,1000,5000,GBP,ORF,ORF,100000,1000,10000,0,100000,250,0,0
Simple,1,658,UK,LE5 5GN,1000,5000,GBP,ORF,ORF,100000,1000,10000,0,100000,250,0,0
Simple,1,659,UK,SO24 9BE,1000,5000,GBP,ORF,ORF,100000,1000,10000,0,100000,250,0,0
Simple,1,660,UK,RG21 3LB,1000,5000,GBP,ORF,ORF,100000,1000,10000,0,100000,250,0,0
Simple,1,661,UK,L37 5AQ,1000,5000,GBP,ORF,ORF,100000,1000,10000,0,100000,250,0,0
Simple,1,662,UK,FK3 0HX,1000,5000,GBP,ORF,ORF,100000,1000,10000,0,100000,250,0,0
Simple,1,663,UK,NN18 0EQ,1000,5000,GBP,ORF,ORF,100000,1000,10000,0,100000,250,0,0
Simple,1,664,UK,BT19 7SS,1000,5000,GBP,ORF,ORF,100000,1000,10000,0,100000,250,0,0
Simple,1,665,UK,BN23 7RH,1000,5000,GBP,ORF,ORF,100000,1000,10000,0,100000,250,0,0
Simple,1,666,UK,OX14 1EJ,1000,5000,GBP,ORF,ORF,100000,1000,10000,0,100000,250,0,0
Simple,1,667,UK,EX21 5EU,1000,5000,GBP,ORF,ORF,100000,1000,10000,0,100000,250,0,0
Simple,1,668,UK,G64 1QT,1000,5000,GBP,ORF,ORF,100000,1000,10000,0,100000,250,0,0
Simple,1,669,UK,NP10 9HH,1000,5000,GBP,ORF,ORF,100000,1000,10000,0,100000,250,0,0
Simple,1,670,UK,TN14 7UD,1000,5000,GBP,ORF,ORF,100000,1000,10000,0,100000,250,0,0
Simple,1,671,UK,BT1 9UJ,1000,5000,GBP,ORF,ORF,100000,1000,10000,0,100000,250,0,0
Simple,1,672,UK,CF36 3JG,1000,5000,GBP,ORF,ORF,100000,1000,10000,0,100000,250,0,0
Simple,1,673,UK,NG24 1AT,1000,5000,GBP,ORF,ORF,100000,1000,10000,0,100000,250,0,0
Simple,1,674,UK,G13 4PL,1000,5000,GBP,ORF,ORF,100000,1000,10000,0,100000,250,0,0
Simple,1,675,UK,BD20 0NG,1000,5000,GBP,ORF,ORF,100000,1000,10000,0,100000,250,0,0
Simple,1,676,UK,CV2 4EG,1000,5000,GBP,ORF,ORF,100000,1000,10000,0,100000,250,0,0
Simple,1,677,UK,B44 8UJ,1000,5000,GBP,ORF,ORF,100000,1000,10000,0,100000,250,0,0
Simple,1,678,UK,SY23 1RY,1000,5000,GBP,ORF,ORF,100000,1000,10000,0,100000,250,0,0
Simple,1,679,UK,KT11 3BF,1000,5000,GBP,ORF,ORF,100000,1000,10000,0,100000,250,0,0
Simple,1,680,UK,DE12 7PX,1000,5000,GBP,ORF,ORF,100000,1000,10000,0,100000,250,0,0
Simple,1,681,UK,CO2 0JA,1000,5000,GBP,ORF,ORF,100000,1000,10000,0,100000,250,0,0
Simple,1,682,UK,BT47 6TJ,1000,5000,GBP,ORF,ORF,100000,1000,10000,0,100000,250,0,0
Simple,1,683,UK,EH49 7ND,1000,5000,GBP,ORF,ORF,100000,1000,10000,0,100000,250,0,0
Simple,1,684,UK,LL20 8BT,1000,5000,GBP,ORF,ORF,100000,1000,10000,0,100000,250,0,0
Simple,1,685,UK,CV1 3GX,1000,5000,GBP,ORF,ORF,100000,1000,10000,0,100000,250,0,0
Simple,1,686,UK,NN16 8SZ,1000,5000,GBP,ORF,ORF,100000,1000,10000,0,100000,250,0,0
Simple,1,687,UK,PO15 5LT,1000,5000,GBP,ORF,ORF,100000,1000,10000,0,100000,250,0,0
Simple,1,688,UK,PA4 0UW,1000,5000,GBP,ORF,ORF,100000,1000,10000,0,100000,250,0,0
Simple,1,689,UK,B79 8FJ,1000,5000,GBP,ORF,ORF,100000,1000,10000,0,100000,250,0,0
Simple,1,690,UK,LN1 1XW,1000,5000,GBP,ORF,ORF,100000,1000,10000,0,100000,250,0,0
Simple,1,691,UK,EX39 3PR,1000,5000,GBP,ORF,ORF,100000,1000,10000,0,100000,250,0,0
Simple,1,692,UK,DL8 1DA,1000,5000,GBP,ORF,ORF,100000,1000,10000,0,100000,250,0,0
Simple,1,693,UK,EH17 8JP,1000,5000,GBP,ORF,ORF,100000,1000,10000,0,100000,250,0,0
Simple,1,694,UK,DE22 3AL,1000,5000,GBP,ORF,ORF,100000,1000,10000,0,100000,250,0,0
Simple,1,695,UK,GL1 4DA,1000,5000,GBP,ORF,ORF,100000,1000,10000,0,100000,250,0,0
Simple,1,696,UK,DH6 4HW,1000,5000,GBP,ORF,ORF,100000,1000,10000,0,100000,250,0,0
Simple,1,697,UK,LD1 6NF,1000,5000,GBP,ORF,ORF,100000,1000,10000,0,100000,250,0,0
Simple,1,698,UK,DL15 8BW,1000,5000,GBP,ORF,ORF,100000,1000,10000,0,100000,250,0,0
Simple,1,699,UK,CF83 3QW,1000,5000,GBP,ORF,ORF,100000,1000,10000,0,100000,250,0,0
Simple,1,700,UK,GL51 3WN,1000,5000,GBP,ORF,ORF,100000,1000,10000,0,100000,250,0,0
Simple,1,701,UK,M24 6AX,1000,5000,GBP,ORF,ORF,100000,1000,10000,0,100000,250,0,0
Simple,1,702,UK,M44 6ZE,1000,5000,GBP,ORF,ORF,100000,1000,10000,0,100000,250,0,0
Simple,1,703,UK,N16 6AY,1000,5000,GBP,ORF,ORF,100000,1000,10000,0,100000,250,0,0
Simple,1,704,UK,BS5 6TU,1000,5000,GBP,ORF,ORF,100000,1000,10000,0,100000,250,0,0
Simple,1,705,UK,E2 0EL,1000,5000,GBP,ORF,ORF,100000,1000,10000,0,100000,250,0,0
Simple,1,706,UK,SK6 6AJ,1000,5000,GBP,ORF,ORF,100000,1000,10000,0,100000,250,0,0
Simple,1,707,UK,GL4 0XS,1000,5000,GBP,ORF,ORF,100000,1000,10000,0,100000,250,0,0
Simple,1,708,UK,SS2 4HH,1000,5000,GBP,ORF,ORF,100000,1000,10000,0,100000,250,0,0
Simple,1,709,UK,LS9 8FL,1000,5000,GBP,ORF,ORF,100000,1000,10000,0,100000,250,0,0
Simple,1,710,UK,TQ2 5QP,1000,5000,GBP,ORF,ORF,100000,1000,10000,0,100000,250,0,0
Simple,1,711,UK,YO25 5FY,1000,5000,GBP,ORF,ORF,100000,1000,10000,0,100000,250,0,0
Simple,1,712,UK,B37 7HE,1000,5000,GBP,ORF,ORF,100000,1000,10000,0,100000,250,0,0
Simple,1,713,UK,BT41 3RY,1000,5000,GBP,ORF,ORF,100000,1000,10000,0,100000,250,0,0
Simple,1,714,UK,CH66 2PN,1000,5000,GBP,ORF,ORF,100000,1000,10000,0,100000,250,0,0
Simple,1,715,UK,OX27 8EX,1000,5000,GBP,ORF,ORF,100000,1000,10000,0,100000,250,0,0
Simple,1,716,UK,SK4 1NQ,1000,5000,GBP,ORF,ORF,100000,1000,10000,0,100000,250,0,0
Simple,1,717,UK,NR5 8TA,1000,5000,GBP,ORF,ORF,100000,1000,10000,0,100000,250,0,0
Simple,1,718,UK,HP1 1EP,1000,5000,GBP,ORF,ORF,100000,1000,10000,0,100000,250,0,0
Simple,1,719,UK,SK17 6UX,1000,5000,GBP,ORF,ORF,100000,1000,10000,0,100000,250,0,0
Simple,1,720,UK,TQ1 2LW,1000,5000,GBP,ORF,ORF,100000,1000,10000,0,100000,250,0,0
Simple,1,721,UK,SA4 3LA,1000,5000,GBP,ORF,ORF,100000,1000,10000,0,100000,250,0,0
Simple,1,722,UK,E2 0AZ,1000,5000,GBP,ORF,ORF,100000,1000,10000,0,100000,250,0,0
Simple,1,723,UK,TS17 0NT,1000,5000,GBP,ORF,ORF,100000,1000,10000,0,100000,250,0,0
Simple,1,724,UK,BL3 2NB,1000,5000,GBP,ORF,ORF,100000,1000,10000,0,100000,250,0,0
Simple,1,725,UK,CO7 6XA,1000,5000,GBP,ORF,ORF,100000,1000,10000,0,100000,250,0,0
Simple,1,726,UK,TQ12 3AX,1000,5000,GBP,ORF,ORF,100000,1000,10000,0,100000,250,0,0
Simple,1,727,UK,IG11 8JZ,1000,5000,GBP,ORF,ORF,100000,1000,10000,0,100000,250,0,0
Simple,1,728,UK,CH63 5NZ,1000,5000,GBP,ORF,ORF,100000,1000,10000,0,100000,250,0,0
Simple,1,729,UK,PR3 2DL,1000,5000,GBP,ORF,ORF,100000,1000,10000,0,100000,250,0,0
Simple,1,730,UK,BN16 4LD,1000,5000,GBP,ORF,ORF,100000,1000,10000,0,100000,250,0,0
Simple,1,731,UK,ML6 7JG,1000,5000,GBP,ORF,ORF,100000,1000,10000,0,100000,250,0,0
Simple,1,732,UK,LU2 8HG,1000,5000,GBP,ORF,ORF,100000,1000,10000,0,100000,250,0,0
Simple,1,733,UK,OL8 2ST,1000,5000,GBP,ORF,ORF,100000,1000,10000,0,100000,250,0,0
Simple,1,734,UK,EX11 1GX,1000,5000,GBP,ORF,ORF,100000,1000,10000,0,100000,250,0,0
Simple,1,735,UK,DA6 8NT,1000,5000,GBP,ORF,ORF,100000,1000,10000,0,100000,250,0,0
Simple,1,736,UK,NG8 2NS,1000,5000,GBP,ORF,ORF,100000,1000,10000,0,100000,250,0,0
Simple,1,737,UK,DT4 8TS,1000,5000,GBP,ORF,ORF,100000,1000,10000,0,100000,250,0,0
Simple,1,738,UK,HD6 2AN,1000,5000,GBP,ORF,ORF,100000,1000,10000,0,100000,250,0,0
Simple,1,739,UK,DA12 1NY,1000,5000,GBP,ORF,ORF,100000,1000,10000,0,100000,250,0,0
Simple,1,740,UK,BR3 3DG,1000,5000,GBP,ORF,ORF,100000,1000,10000,0,100000,250,0,0
Simple,1,741,UK,BD14 6NF,1000,5000,GBP,ORF,ORF,100000,1000,10000,0,100000,250,0,0
Simple,1,742,UK,GU11 3NX,1000,5000,GBP,ORF,ORF,100000,1000,10000,0,100000,250,0,0
Simple,1,743,UK,NE24 5RH,1000,5000,GBP,ORF,ORF,100000,1000,10000,0,100000,250,0,0
Simple,1,744,UK,E18 1AY,1000,5000,GBP,ORF,ORF,100000,1000,10000,0,100000,250,0,0
Simple,1,745,UK,TS9 6HX,1000,5000,GBP,ORF,ORF,100000,1000,10000,0,100000,250,0,0
Simple,1,746,UK,PO1 2NT,1000,5000,GBP,ORF,ORF,100000,1000,10000,0,100000,250,0,0
Simple,1,747,UK,SL1 3HN,1000,5000,GBP,ORF,ORF,100000,1000,10000,0,100000,250,0,0
Simple,1,748,UK,DT9 6PH,1000,5000,GBP,ORF,ORF,100000,1000,10000,0,100000,250,0,0
Simple,1,749,UK,HA9 7JQ,1000,5000,GBP,ORF,ORF,100000,1000,10000,0,100000,250,0,0
Simple,1,750,UK,WA3 3QD,1000,5000,GBP,ORF,ORF,100000,1000,10000,0,100000,250,0,0
Simple,1,751,UK,RM2 6AS,1000,5000,GBP,ORF,ORF,100000,1000,10000,0,100000,250,0,0
Simple,1,752,UK,TN14 7HA,1000,5000,GBP,ORF,ORF,100000,1000,10000,0,100000,250,0,0
Simple,1,753,UK,PL1 1LA,1000,5000,GBP,ORF,ORF,100000,1000,10000,0,100000,250,0,0
Simple,1,754,UK,TD11 3DY,1000,5000,GBP,ORF,ORF,100000,1000,10000,0,100000,250,0,0
Simple,1,755,UK,BT49 0ND,1000,5000,GBP,ORF,ORF,100000,1000,10000,0,100000,250,0,0
Simple,1,756,UK,DY11 6LD,1000,5000,GBP,ORF,ORF,100000,1000,10000,0,100000,250,0,0
Simple,1,757,UK,HU5 4PB,1000,5000,GBP,ORF,ORF,100000,1000,10000,0,100000,250,0,0
Simple,1,758,UK,TD15 2DU,1000,5000,GBP,ORF,ORF,100000,1000,10000,0,100000,250,0,0
Simple,1,759,UK,PO2 7RR,1000,5000,GBP,ORF,ORF,100000,1000,10000,0,100000,250,0,0
Simple,1,760,UK,WC1R 5HT,1000,5000,GBP,ORF,ORF,100000,1000,10000,0,100000,250,0,0
Simple,1,761,UK,WV3 0RX,1000,5000,GBP,ORF,ORF,100000,1000,10000,0,100000,250,0,0
Simple,1,762,UK,GL16 7JT,1000,5000,GBP,ORF,ORF,100000,1000,10000,0,100000,250,0,0
Simple,1,763,UK,NE24 1HD,1000,5000,GBP,ORF,ORF,100000,1000,10000,0,100000,250,0,0
Simple,1,764,UK,B76 2XA,1000,5000,GBP,ORF,ORF,100000,1000,10000,0,100000,250,0,0
Simple,1,765,UK,DD5 2BR,1000,5000,GBP,ORF,ORF,100000,1000,10000,0,100000,250,0,0
Simple,1,766,UK,TR27 4JX,1000,5000,GBP,ORF,ORF,100000,1000,10000,0,100000,250,0,0
Simple,1,767,UK,PL5 2BA,1000,5000,GBP,ORF,ORF,100000,1000,10000,0,100000,250,0,0
Simple,1,768,UK,RG24 9BF,1000,5000,GBP,ORF,ORF,100000,1000,10000,0,100000,250,0,0
Simple,1,769,UK,PH2 0RZ,1000,5000,GBP,ORF,ORF,100000,1000,10000,0,100000,250,0,0
Simple,1,770,UK,OX12 0FY,1000,5000,GBP,ORF,ORF,100000,1000,10000,0,100000,250,0,0
Simple,1,771,UK,TR11 4AF,1000,5000,GBP,ORF,ORF,100000,1000,10000,0,100000,250,0,0
Simple,1,772,UK,L40 1SG,1000,5000,GBP,ORF,ORF,100000,1000,10000,0,100000,250,0,0
Simple,1,773,UK,WA4 5DY,1000,5000,GBP,ORF,ORF,100000,1000,10000,0,100000,250,0,0
Simple,1,774,UK,CF63 4JG,1000,5000,GBP,ORF,ORF,100000,1000,10000,0,100000,250,0,0
Simple,1,775,UK,CB6 1AF,1000,5000,GBP,ORF,ORF,100000,1000,10000,0,100000,250,0,0
Simple,1,776,UK,LS29 9JT,1000,5000,GBP,ORF,ORF,100000,1000,10000,0,100000,250,0,0
Simple,1,777,UK,G61 1JJ,1000,5000,GBP,ORF,ORF,100000,1000,10000,0,100000,250,0,0
Simple,1,778,UK,WR4 9EJ,1000,5000,GBP,ORF,ORF,100000,1000,10000,0,100000,250,0,0
Simple,1,779,UK,LE6 0PD,1000,5000,GBP,ORF,ORF,100000,1000,10000,0,100000,250,0,0
Simple,1,780,UK,IP6 9PR,1000,5000,GBP,ORF,ORF,100000,1000,10000,0,100000,250,0,0
Simple,1,781,UK,GL52 2TW,1000,5000,GBP,ORF,ORF,100000,1000,10000,0,100000,250,0,0
Simple,1,782,UK,BS16 9DP,1000,5000,GBP,ORF,ORF,100000,1000,10000,0,100000,250,0,0
Simple,1,783,UK,NE10 8DL,1000,5000,GBP,ORF,ORF,100000,1000,10000,0,100000,250,0,0
Simple,1,784,UK,NG10 4ED,1000,5000,GBP,ORF,ORF,100000,1000,10000,0,100000,250,0,0
Simple,1,785,UK,CV10 8NT,1000,5000,GBP,ORF,ORF,100000,1000,10000,0,100000,250,0,0
Simple,1,786,UK,BS8 2QQ,1000,5000,GBP,ORF,ORF,100000,1000,10000,0,100000,250,0,0
Simple,1,787,UK,ST4 6AH,1000,5000,GBP,ORF,ORF,100000,1000,10000,0,100000,250,0,0
Simple,1,788,UK,RM18 8DY,1000,5000,GBP,ORF,ORF,100000,1000,10000,0,100000,250,0,0
Simple,1,789,UK,WF11 0JZ,1000,5000,GBP,ORF,ORF,100000,1000,10000,0,100000,250,0,0
Simple,1,790,UK,PO21 3DG,1000,5000,GBP,ORF,ORF,100000,1000,10000,0,100000,250,0,0
Simple,1,791,UK,L4 1RJ,1000,5000,GBP,ORF,ORF,100000,1000,10000,0,100000,250,0,0
Simple,1,792,UK,DH5 9PE,1000,5000,GBP,ORF,ORF,100000,1000,10000,0,100000,250,0,0
Simple,1,793,UK,BA20 1BP,1000,5000,GBP,ORF,ORF,100000,1000,10000,0,100000,250,0,0
Simple,1,794,UK,BT30 7HL,1000,5000,GBP,ORF,ORF,100000,1000,10000,0,100000,250,0,0
Simple,1,795,UK,DG9 8DD,1000,5000,GBP,ORF,ORF,100000,1000,10000,0,100000,250,0,0
Simple,1,796,UK,TD14 5HD,1000,5000,GBP,ORF,ORF,100000,1000,10000,0,100000,250,0,0
Simple,1,797,UK,TA4 4QL,1000,5000,GBP,ORF,ORF,100000,1000,10000,0,100000,250,0,0
Simple,1,798,UK,TN40 1QQ,1000,5000,GBP,ORF,ORF,100000,1000,10000,0,100000,250,0,0
Simple,1,799,UK,S11 8HS,1000,5000,GBP,ORF,ORF,100000,1000,10000,0,100000,250,0,0
Simple,1,800,UK,NE48 3LE,1000,5000,GBP,ORF,ORF,100000,1000,10000,0,100000,250,0,0
Simple,1,801,UK,PO33 2NF,1000,5000,GBP,ORF,ORF,100000,1000,10000,0,100000,250,0,0
Simple,1,802,UK,LE6 0JE,1000,5000,GBP,ORF,ORF,100000,1000,10000,0,100000,250,0,0
Simple,1,803,UK,WD17 4DH,1000,5000,GBP,ORF,ORF,100000,1000,10000,0,100000,250,0,0
Simple,1,804,UK,BN11 2BJ,1000,5000,GBP,ORF,ORF,100000,1000,10000,0,100000,250,0,0
Simple,1,805,UK,PO14 4DW,1000,5000,GBP,ORF,ORF,100000,1000,10000,0,100000,250,0,0
Simple,1,806,UK,EN5 5FS,1000,5000,GBP,ORF,ORF,100000,1000,10000,0,100000,250,0,0
Simple,1,807,UK,IG6 2EY,1000,5000,GBP,ORF,ORF,100000,1000,10000,0,100000,250,0,0
Simple,1,808,UK,SK12 2JH,1000,5000,GBP,ORF,ORF,100000,1000,10000,0,100000,250,0,0
Simple,1,809,UK,GL50 4RX,1000,5000,GBP,ORF,ORF,100000,1000,10000,0,100000,250,0,0
Simple,1,810,UK,PL25 5HQ,1000,5000,GBP,ORF,ORF,100000,1000,10000,0,100000,250,0,0
Simple,1,811,UK,YO25 8AG,1000,5000,GBP,ORF,ORF,100000,1000,10000,0,100000,250,0,0
Simple,1,812,UK,W1T 4LB,1000,5000,GBP,ORF,ORF,100000,1000,10000,0,100000,250,0,0
Simple,1,813,UK,MK10 9DW,1000,5000,GBP,ORF,ORF,100000,1000,10000,0,100000,250,0,0
Simple,1,814,UK,GU32 1QH,1000,5000,GBP,ORF,ORF,100000,1000,10000,0,100000,250,0,0
Simple,1,815,UK,BT93 4ES,1000,5000,GBP,ORF,ORF,100000,1000,10000,0,100000,250,0,0
Simple,1,816,UK,GU52 6JE,1000,5000,GBP,ORF,ORF,100000,1000,10000,0,100000,250,0,0
Simple,1,817,UK,G21 2DG,1000,5000,GBP,ORF,ORF,100000,1000,10000,0,100000,250,0,0
Simple,1,818,UK,DD11 4HL,1000,5000,GBP,ORF,ORF,100000,1000,10000,0,100000,250,0,0
Simple,1,819,UK,EX2 9BB,1000,5000,GBP,ORF,ORF,100000,1000,10000,0,100000,250,0,0
Simple,1,820,UK,CV34 6HQ,1000,5000,GBP,ORF,ORF,100000,1000,10000,0,100000,250,0,0
Simple,1,821,UK,HR2 9EW,1000,5000,GBP,ORF,ORF,100000,1000,10000,0,100000,250,0,0
Simple,1,822,UK,MK42 7JZ,1000,5000,GBP,ORF,ORF,100000,1000,10000,0,100000,250,0,0
Simple,1,823,UK,NR21 9JL,1000,5000,GBP,ORF,ORF,100000,1000,10000,0,100000,250,0,0
Simple,1,824,UK,E2 7AG,1000,5000,GBP,ORF,ORF,100000,1000,10000,0,100000,250,0,0
Simple,1,825,UK,BT24 7LP,1000,5000,GBP,ORF,ORF,100000,1000,10000,0,100000,250,0,0
Simple,1,826,UK,AB51 3WT,1000,5000,GBP,ORF,ORF,100000,1000,10000,0,100000,250,0,0
Simple,1,827,UK,DD3 8DN,1000,5000,GBP,ORF,ORF,100000,1000,10000,0,100000,250,0,0
Simple,1,828,UK,PL25 4DU,1000,5000,GBP,ORF,ORF,100000,1000,10000,0,100000,250,0,0
Simple,1,829,UK,CW8 4SA,1000,5000,GBP,ORF,ORF,100000,1000,10000,0,100000,250,0,0
Simple,1,830,UK,CF3 0BU,1000,5000,GBP,ORF,ORF,100000,1000,10000,0,100000,250,0,0
Simple,1,831,UK,BN2 0LS,1000,5000,GBP,ORF,ORF,100000,1000,10000,0,100000,250,0,0
Simple,1,832,UK,BB18 6UE,1000,5000,GBP,ORF,ORF,100000,1000,10000,0,100000,250,0,0
Simple,1,833,UK,ST15 0LY,1000,5000,GBP,ORF,ORF,100000,1000,10000,0,100000,250,0,0
Simple,1,834,UK,IP1 9XT,1000,5000,GBP,ORF,ORF,100000,1000,10000,0,100000,250,0,0
Simple,1,835,UK,CB24 6ZE,1000,5000,GBP,ORF,ORF,100000,1000,10000,0,100000,250,0,0
Simple,1,836,UK,GU5 0LL,1000,5000,GBP,ORF,ORF,100000,1000,10000,0,100000,250,0,0
Simple,1,837,UK,SM5 4PA,1000,5000,GBP,ORF,ORF,100000,1000,10000,0,100000,250,0,0
Simple,1,838,UK,DY12 2YA,1000,5000,GBP,ORF,ORF,100000,1000,10000,0,100000,250,0,0
Simple,1,839,UK,SY13 3LX,1000,5000,GBP,ORF,ORF,100000,1000,10000,0,100000,250,0,0
Simple,1,840,UK,OX1 3PD,1000,5000,GBP,ORF,ORF,100000,1000,10000,0,100000,250,0,0
Simple,1,841,UK,SE7 8TY,1000,5000,GBP,ORF,ORF,100000,1000,10000,0,100000,250,0,0
Simple,1,842,UK,SN5 7JL,1000,5000,GBP,ORF,ORF,100000,1000,10000,0,100000,250,0,0
Simple,1,843,UK,NN5 7DF,1000,5000,GBP,ORF,ORF,100000,1000,10000,0,100000,250,0,0
Simple,1,844,UK,BT13 1SP,1000,5000,GBP,ORF,ORF,100000,1000,10000,0,100000,250,0,0
Simple,1,845,UK,BN10 7LU,1000,5000,GBP,ORF,ORF,100000,1000,10000,0,100000,250,0,0
Simple,1,846,UK,ST6 3NY,1000,5000,GBP,ORF,ORF,100000,1000,10000,0,100000,250,0,0
Simple,1,847,UK,BS7 0DD,1000,5000,GBP,ORF,ORF,100000,1000,10000,0,100000,250,0,0
Simple,1,848,UK,CF24 3HG,1000,5000,GBP,ORF,ORF,100000,1000,10000,0,100000,250,0,0
Simple,1,849,UK,AB53 5PN,1000,5000,GBP,ORF,ORF,100000,1000,10000,0,100000,250,0,0
Simple,1,850,UK,LL64 5JT,1000,5000,GBP,ORF,ORF,100000,1000,10000,0,100000,250,0,0
Simple,1,851,UK,TS17 0BQ,1000,5000,GBP,ORF,ORF,100000,1000,10000,0,100000,250,0,0
Simple,1,852,UK,SA6 8HG,1000,5000,GBP,ORF,ORF,100000,1000,10000,0,100000,250,0,0
Simple,1,853,UK,DY4 0AR,1000,5000,GBP,ORF,ORF,100000,1000,10000,0,100000,250,0,0
Simple,1,854,UK,CT21 6AZ,1000,5000,GBP,ORF,ORF,100000,1000,10000,0,100000,250,0,0
Simple,1,855,UK,RM15 5QN,1000,5000,GBP,ORF,ORF,100000,1000,10000,0,100000,250,0,0
Simple,1,856,UK,CF32 0DW,1000,5000,GBP,ORF,ORF,100000,1000,10000,0,100000,250,0,0
Simple,1,857,UK,RH16 3TT,1000,5000,GBP,ORF,ORF,100000,1000,10000,0,100000,250,0,0
Simple,1,858,UK,NE7 7AQ,1000,5000,GBP,ORF,ORF,100000,1000,10000,0,100000,250,0,0
Simple,1,859,UK,TA8 1JJ,1000,5000,GBP,ORF,ORF,100000,1000,10000,0,100000,250,0,0
Simple,1,860,UK,NE61 2JW,1000,5000,GBP,ORF,ORF,100000,1000,10000,0,100000,250,0,0
Simple,1,861,UK,EH52 6WL,1000,5000,GBP,ORF,ORF,100000,1000,10000,0,100000,250,0,0
Simple,1,862,UK,NE1 8AA,1000,5000,GBP,ORF,ORF,100000,1000,10000,0,100000,250,0,0
Simple,1,863,UK,DN35 0HL,1000,5000,GBP,ORF,ORF,100000,1000,10000,0,100000,250,0,0
Simple,1,864,UK,CH2 4QJ,1000,5000,GBP,ORF,ORF,100000,1000,10000,0,100000,250,0,0
Simple,1,865,UK,LA2 8BQ,1000,5000,GBP,ORF,ORF,100000,1000,10000,0,100000,250,0,0
Simple,1,866,UK,NR17 1TR,1000,5000,GBP,ORF,ORF,100000,1000,10000,0,100000,250,0,0
Simple,1,867,UK,LE10 2PT,1000,5000,GBP,ORF,ORF,100000,1000,10000,0,100000,250,0,0
Simple,1,868,UK,GL13 9EJ,1000,5000,GBP,ORF,ORF,100000,1000,10000,0,100000,250,0,0
Simple,1,869,UK,G65 0HA,1000,5000,GBP,ORF,ORF,100000,1000,10000,0,100000,250,0,0
Simple,1,870,UK,GL18 1SR,1000,5000,GBP,ORF,ORF,100000,1000,10000,0,100000,250,0,0
Simple,1,871,UK,EX10 9SQ,1000,5000,GBP,ORF,ORF,100000,1000,10000,0,100000,250,0,0
Simple,1,872,UK,BA22 8LU,1000,5000,GBP,ORF,ORF,100000,1000,10000,0,100000,250,0,0
Simple,1,873,UK,PR6 0LF,1000,5000,GBP,ORF,ORF,100000,1000,10000,0,100000,250,0,0
Simple,1,874,UK,CO3 3AF,1000,5000,GBP,ORF,ORF,100000,1000,10000,0,100000,250,0,0
Simple,1,875,UK,EH6 5RX,1000,5000,GBP,ORF,ORF,100000,1000,10000,0,100000,250,0,0
Simple,1,876,UK,MK18 4NT,1000,5000,GBP,ORF,ORF,100000,1000,10000,0,100000,250,0,0
Simple,1,877,UK,TS5 6JL,1000,5000,GBP,ORF,ORF,100000,1000,10000,0,100000,250,0,0
Simple,1,878,UK,EX6 6BP,1000,5000,GBP,ORF,ORF,100000,1000,10000,0,100000,250,0,0
Simple,1,879,UK,PA14 5PG,1000,5000,GBP,ORF,ORF,100000,1000,10000,0,100000,250,0,0
Simple,1,880,UK,CF37 4LN,1000,5000,GBP,ORF,ORF,100000,1000,10000,0,100000,250,0,0
Simple,1,881,UK,OL12 6LD,1000,5000,GBP,ORF,ORF,100000,1000,10000,0,100000,250,0,0
Simple,1,882,UK,SA5 8PJ,1000,5000,GBP,ORF,ORF,100000,1000,10000,0,100000,250,0,0
Simple,1,883,UK,L36 4QG,1000,5000,GBP,ORF,ORF,100000,1000,10000,0,100000,250,0,0
Simple,1,884,UK,DL1 4DL,1000,5000,GBP,ORF,ORF,100000,1000,10000,0,100000,250,0,0
Simple,1,885,UK,CV10 0TG,1000,5000,GBP,ORF,ORF,100000,1000,10000,0,100000,250,0,0
Simple,1,886,UK,OL8 2NR,1000,5000,GBP,ORF,ORF,100000,1000,10000,0,100000,250,0,0
Simple,1,887,UK,CF81 8RF,1000,5000,GBP,ORF,ORF,100000,1000,10000,0,100000,250,0,0
Simple,1,888,UK,DD11 3FB,1000,5000,GBP,ORF,ORF,100000,1000,10000,0,100000,250,0,0
Simple,1,889,UK,PO37 6LZ,1000,5000,GBP,ORF,ORF,100000,1000,10000,0,100000,250,0,0
Simple,1,890,UK,SS6 9JS,1000,5000,GBP,ORF,ORF,100000,1000,10000,0,100000,250,0,0
Simple,1,891,UK,BS34 8LX,1000,5000,GBP,ORF,ORF,100000,1000,10000,0,100000,250,0,0
Simple,1,892,UK,PO30 1LH,1000,5000,GBP,ORF,ORF,100000,1000,10000,0,100000,250,0,0
Simple,1,893,UK,YO32 2QH,1000,5000,GBP,ORF,ORF,100000,1000,10000,0,100000,250,0,0
Simple,1,894,UK,WF10 5NB,1000,5000,GBP,ORF,ORF,100000,1000,10000,0,100000,250,0,0
Simple,1,895,UK,LE7 9GP,1000,5000,GBP,ORF,ORF,100000,1000,10000,0,100000,250,0,0
Simple,1,896,UK,NW10 0PN,1000,5000,GBP,ORF,ORF,100000,1000,10000,0,100000,250,0,0
Simple,1,897,UK,HP4 1RQ,1000,5000,GBP,ORF,ORF,100000,1000,10000,0,100000,250,0,0
Simple,1,898,UK,BS37 4LA,1000,5000,GBP,ORF,ORF,100000,1000,10000,0,100000,250,0,0
Simple,1,899,UK,LE3 3UF,1000,5000,GBP,ORF,ORF,100000,1000,10000,0,100000,250,0,0
Simple,1,900,UK,KA13 7QW,1000,5000,GBP,ORF,ORF,100000,1000,10000,0,100000,250,0,0
Simple,1,901,UK,S43 1BB,1000,5000,GBP,ORF,ORF,100000,1000,10000,0,100000,250,0,0
Simple,1,902,UK,G42 8HN,1000,5000,GBP,ORF,ORF,100000,1000,10000,0,100000,250,0,0
Simple,1,903,UK,HU1 1LF,1000,5000,GBP,ORF,ORF,100000,1000,10000,0,100000,250,0,0
Simple,1,904,UK,M27 8XA,1000,5000,GBP,ORF,ORF,100000,1000,10000,0,100000,250,0,0
Simple,1,905,UK,WF2 0UY,1000,5000,GBP,ORF,ORF,100000,1000,10000,0,100000,250,0,0
Simple,1,906,UK,LL57 3LD,1000,5000,GBP,ORF,ORF,100000,1000,10000,0,100000,250,0,0
Simple,1,907,UK,DE72 3LQ,1000,5000,GBP,ORF,ORF,100000,1000,10000,0,100000,250,0,0
Simple,1,908,UK,S80 9SQ,1000,5000,GBP,ORF,ORF,100000,1000,10000,0,100000,250,0,0
Simple,1,909,UK,SL3 0EZ,1000,5000,GBP,ORF,ORF,100000,1000,10000,0,100000,250,0,0
Simple,1,910,UK,AL5 4LF,1000,5000,GBP,ORF,ORF,100000,1000,10000,0,100000,250,0,0
Simple,1,911,UK,SE11 4HN,1000,5000,GBP,ORF,ORF,100000,1000,10000,0,100000,250,0,0
Simple,1,912,UK,GU21 7QF,1000,5000,GBP,ORF,ORF,100000,1000,10000,0,100000,250,0,0
Simple,1,913,UK,DH1 3RA,1000,5000,GBP,ORF,ORF,100000,1000,10000,0,100000,250,0,0
Simple,1,914,UK,SL4 4JB,1000,5000,GBP,ORF,ORF,100000,1000,10000,0,100000,250,0,0
Simple,1,915,UK,SY11 2DA,1000,5000,GBP,ORF,ORF,100000,1000,10000,0,100000,250,0,0
Simple,1,916,UK,BT52 9BN,1000,5000,GBP,ORF,ORF,100000,1000,10000,0,100000,250,0,0
Simple,1,917,UK,LA12 9HP,1000,5000,GBP,ORF,ORF,100000,1000,10000,0,100000,250,0,0
Simple,1,918,UK,CT7 0NH,1000,5000,GBP,ORF,ORF,100000,1000,10000,0,100000,250,0,0
Simple,1,919,UK,S81 7LL,1000,5000,GBP,ORF,ORF,100000,1000,10000,0,100000,250,0,0
Simple,1,920,UK,DL10 6HS,1000,5000,GBP,ORF,ORF,100000,1000,10000,0,100000,250,0,0
Simple,1,921,UK,CA6 4QP,1000,5000,GBP,ORF,ORF,100000,1000,10000,0,100000,250,0,0
Simple,1,922,UK,BN2 1FH,1000,5000,GBP,ORF,ORF,100000,1000,10000,0,100000,250,0,0
Simple,1,923,UK,BH8 9AW,1000,5000,GBP,ORF,ORF,100000,1000,10000,0,100000,250,0,0
Simple,1,924,UK,HA4 0SQ,1000,5000,GBP,ORF,ORF,100000,1000,10000,0,100000,250,0,0
Simple,1,925,UK,M18 7HD,1000,5000,GBP,ORF,ORF,100000,1000,10000,0,100000,250,0,0
Simple,1,926,UK,LS25 1EY,1000,5000,GBP,ORF,ORF,100000,1000,10000,0,100000,250,0,0
Simple,1,927,UK,EH4 1DT,1000,5000,GBP,ORF,ORF,100000,1000,10000,0,100000,250,0,0
Simple,1,928,UK,KT8 2TD,1000,5000,GBP,ORF,ORF,100000,1000,10000,0,100000,250,0,0
Simple,1,929,UK,TS9 6RF,1000,5000,GBP,ORF,ORF,100000,1000,10000,0,100000,250,0,0
Simple,1,930,UK,N15 5HA,1000,5000,GBP,ORF,ORF,100000,1000,10000,0,100000,250,0,0
Simple,1,931,UK,WR4 9LE,1000,5000,GBP,ORF,ORF,100000,1000,10000,0,100000,250,0,0
Simple,1,932,UK,BT92 2FF,1000,5000,GBP,ORF,ORF,100000,1000,10000,0,100000,250,0,0
Simple,1,933,UK,DD9 7DE,1000,5000,GBP,ORF,ORF,100000,1000,10000,0,100000,250,0,0
Simple,1,934,UK,N21 2EG,1000,5000,GBP,ORF,ORF,100000,1000,10000,0,100000,250,0,0
Simple,1,935,UK,BD14 6DN,1000,5000,GBP,ORF,ORF,100000,1000,10000,0,100000,250,0,0
Simple,1,936,UK,KA18 2DB,1000,5000,GBP,ORF,ORF,100000,1000,10000,0,100000,250,0,0
Simple,1,937,UK,LL35 0PY,1000,5000,GBP,ORF,ORF,100000,1000,10000,0,100000,250,0,0
Simple,1,938,UK,SS8 8DX,1000,5000,GBP,ORF,ORF,100000,1000,10000,0,100000,250,0,0
Simple,1,939,UK,B70 0QR,1000,5000,GBP,ORF,ORF,100000,1000,10000,0,100000,250,0,0
Simple,1,940,UK,BB10 1DH,1000,5000,GBP,ORF,ORF,100000,1000,10000,0,100000,250,0,0
Simple,1,941,UK,NE3 4ES,1000,5000,GBP,ORF,ORF,100000,1000,10000,0,100000,250,0,0
Simple,1,942,UK,WD4 9EU,1000,5000,GBP,ORF,ORF,100000,1000,10000,0,100000,250,0,0
Simple,1,943,UK,DE3 9BN,1000,5000,GBP,ORF,ORF,100000,1000,10000,0,100000,250,0,0
Simple,1,944,UK,ST15 0NJ,1000,5000,GBP,ORF,ORF,100000,1000,10000,0,100000,250,0,0
Simple,1,945,UK,G66 5PB,1000,5000,GBP,ORF,ORF,100000,1000,10000,0,100000,250,0,0
Simple,1,946,UK,RG1 2QN,1000,5000,GBP,ORF,ORF,100000,1000,10000,0,100000,250,0,0
Simple,1,947,UK,NE6 4DB,1000,5000,GBP,ORF,ORF,100000,1000,10000,0,100000,250,0,0
Simple,1,948,UK,CO4 0PN,1000,5000,GBP,ORF,ORF,100000,1000,10000,0,100000,250,0,0
Simple,1,949,UK,S75 6PG,1000,5000,GBP,ORF,ORF,100000,1000,10000,0,100000,250,0,0
Simple,1,950,UK,S7 2EB,1000,5000,GBP,ORF,ORF,100000,1000,10000,0,100000,250,0,0
Simple,1,951,UK,FY6 8DJ,1000,5000,GBP,ORF,ORF,100000,1000,10000,0,100000,250,0,0
Simple,1,952,UK,NR10 3DZ,1000,5000,GBP,ORF,ORF,100000,1000,10000,0,100000,250,0,0
Simple,1,953,UK,DA1 4BF,1000,5000,GBP,ORF,ORF,100000,1000,10000,0,100000,250,0,0
Simple,1,954,UK,NR17 2PD,1000,5000,GBP,ORF,ORF,100000,1000,10000,0,100000,250,0,0
Simple,1,955,UK,OL2 6EB,1000,5000,GBP,ORF,ORF,100000,1000,10000,0,100000,250,0,0
Simple,1,956,UK,E7 9LZ,1000,5000,GBP,ORF,ORF,100000,1000,10000,0,100000,250,0,0
Simple,1,957,UK,DG13 0AH,1000,5000,GBP,ORF,ORF,100000,1000,10000,0,100000,250,0,0
Simple,1,958,UK,ME8 0LX,1000,5000,GBP,ORF,ORF,100000,1000,10000,0,100000,250,0,0
Simple,1,959,UK,TN9 1LG,1000,5000,GBP,ORF,ORF,100000,1000,10000,0,100000,250,0,0
Simple,1,960,UK,SK10 2NP,1000,5000,GBP,ORF,ORF,100000,1000,10000,0,100000,250,0,0
Simple,1,961,UK,BS16 3YF,1000,5000,GBP,ORF,ORF,100000,1000,10000,0,100000,250,0,0
Simple,1,962,UK,TR16 4NF,1000,5000,GBP,ORF,ORF,100000,1000,10000,0,100000,250,0,0
Simple,1,963,UK,KT11 1EB,1000,5000,GBP,ORF,ORF,100000,1000,10000,0,100000,250,0,0
Simple,1,964,UK,BT27 4SY,1000,5000,GBP,ORF,ORF,100000,1000,10000,0,100000,250,0,0
Simple,1,965,UK,PA7 5AB,1000,5000,GBP,ORF,ORF,100000,1000,10000,0,100000,250,0,0
Simple,1,966,UK,EH5 2NR,1000,5000,GBP,ORF,ORF,100000,1000,10000,0,100000,250,0,0
Simple,1,967,UK,AB21 7GJ,1000,5000,GBP,ORF,ORF,100000,1000,10000,0,100000,250,0,0
Simple,1,968,UK,DL3 7DR,1000,5000,GBP,ORF,ORF,100000,1000,10000,0,100000,250,0,0
Simple,1,969,UK,CH8 7UN,1000,5000,GBP,ORF,ORF,100000,1000,10000,0,100000,250,0,0
Simple,1,970,UK,PE32 2HX,1000,5000,GBP,ORF,ORF,100000,1000,10000,0,100000,250,0,0
Simple,1,971,UK,DL2 2PE,1000,5000,GBP,ORF,ORF,100000,1000,10000,0,100000,250,0,0
Simple,1,972,UK,GL1 1AN,1000,5000,GBP,ORF,ORF,100000,1000,10000,0,100000,250,0,0
Simple,1,973,UK,CF83 4FN,1000,5000,GBP,ORF,ORF,100000,1000,10000,0,100000,250,0,0
Simple,1,974,UK,RM13 9LJ,1000,5000,GBP,ORF,ORF,100000,1000,10000,0,100000,250,0,0
Simple,1,975,UK,DH8 6DS,1000,5000,GBP,ORF,ORF,100000,1000,10000,0,100000,250,0,0
Simple,1,976,UK,KT6 4AB,1000,5000,GBP,ORF,ORF,100000,1000,10000,0,100000,250,0,0
Simple,1,977,UK,BA16 0NZ,1000,5000,GBP,ORF,ORF,100000,1000,10000,0,100000,250,0,0
Simple,1,978,UK,M18 8LL,1000,5000,GBP,ORF,ORF,100000,1000,10000,0,100000,250,0,0
Simple,1,979,UK,KY4 0DT,1000,5000,GBP,ORF,ORF,100000,1000,10000,0,100000,250,0,0
Simple,1,980,UK,DD11 4QS,1000,5000,GBP,ORF,ORF,100000,1000,10000,0,100000,250,0,0
Simple,1,981,UK,NR8 6DL,1000,5000,GBP,ORF,ORF,100000,1000,10000,0,100000,250,0,0
Simple,1,982,UK,NG15 7NB,1000,5000,GBP,ORF,ORF,100000,1000,10000,0,100000,250,0,0
Simple,1,983,UK,NN3 8QE,1000,5000,GBP,ORF,ORF,100000,1000,10000,0,100000,250,0,0
Simple,1,984,UK,SN2 1BZ,1000,5000,GBP,ORF,ORF,100000,1000,10000,0,100000,250,0,0
Simple,1,985,UK,S6 5GG,1000,5000,GBP,ORF,ORF,100000,1000,10000,0,100000,250,0,0
Simple,1,986,UK,BN25 4AL,1000,5000,GBP,ORF,ORF,100000,1000,10000,0,100000,250,0,0
Simple,1,987,UK,BS3 5PR,1000,5000,GBP,ORF,ORF,100000,1000,10000,0,100000,250,0,0
Simple,1,988,UK,NE35 9AB,1000,5000,GBP,ORF,ORF,100000,1000,10000,0,100000,250,0,0
Simple,1,989,UK,RH2 9NN,1000,5000,GBP,ORF,ORF,100000,1000,10000,0,100000,250,0,0
Simple,1,990,UK,PL6 8NN,1000,5000,GBP,ORF,ORF,100000,1000,10000,0,100000,250,0,0
Simple,1,991,UK,AB42 2YY,1000,5000,GBP,ORF,ORF,100000,1000,10000,0,100000,250,0,0
Simple,1,992,UK,AB15 4DG,1000,5000,GBP,ORF,ORF,100000,1000,10000,0,100000,250,0,0
Simple,1,993,UK,BT56 8HE,1000,5000,GBP,ORF,ORF,100000,1000,10000,0,100000,250,0,0
Simple,1,994,UK,S2 2RR,1000,5000,GBP,ORF,ORF,100000,1000,10000,0,100000,250,0,0
Simple,1,995,UK,TA24 5DQ,1000,5000,GBP,ORF,ORF,100000,1000,10000,0,100000,250,0,0
Simple,1,996,UK,SN3 4EJ,1000,5000,GBP,ORF,ORF,100000,1000,10000,0,100000,250,0,0
Simple,1,997,UK,IP15 5LX,1000,5000,GBP,ORF,ORF,100000,1000,10000,0,100000,250,0,0
Simple,1,998,UK,TA1 2JX,1000,5000,GBP,ORF,ORF,100000,1000,10000,0,100000,250,0,0
Simple,1,999,UK,NR7 8RL,1000,5000,GBP,ORF,ORF,100000,1000,10000,0,100000,250,0,0
Simple,1,1000,UK,OL8 2HG,1000,5000,GBP,ORF,ORF,100000,1000,10000,0,100000,250,0,0
